ID Pelanggan,Umur,Gender,Pendapatan,Pengeluaran,Kepuasan,Loyalitas,Paket,,,,,,,,,,,,,,,,,,,,,,,,,,,,,a,b
1,47,Perempuan,9170000,807500,1,86,Platinum,,,,,,,,,,,,,,,,,,,,,,,,,,,,,807222,9169645
2,59,Laki-laki,2245000,2049000,-2,87,Silver,,,,,,,,,,,,,,,,,,,,,,,,,,,,,2048542,2244765
3,39,Laki-laki,12593500,967000,5,85,Silver,,,,,,,,,,,,,,,,,,,,,,,,,,,,,966663,12593352
4,35,Perempuan,19131000,856500,2,69,Gold,,,,,,,,,,,,,,,,,,,,,,,,,,,,,856252,19130727
5,59,Perempuan,1269000,2383500,-1,89,Silver,,,,,,,,,,,,,,,,,,,,,,,,,,,,,2383139,1268985
6,35,Perempuan,7384000,1524500,-1,93,Silver,,,,,,,,,,,,,,,,,,,,,,,,,,,,,1524381,7383913
7,47,Perempuan,22047500,2253000,9,80,Platinum,,,,,,,,,,,,,,,,,,,,,,,,,,,,,2252892,22047456
8,17,Laki-laki,13030500,2339500,3,84,Gold,,,,,,,,,,,,,,,,,,,,,,,,,,,,,2339046,13030408
9,29,Laki-laki,16219000,2010500,3,0,Gold,,,,,,,,,,,,,,,,,,,,,,,,,,,,,2010404,16218786
10,33,Perempuan,9783000,1181500,-1,82,Gold,,,,,,,,,,,,,,,,,,,,,,,,,,,,,1181143,9782953
11,34,Laki-laki,2304000,1011500,5,76,Silver,,,,,,,,,,,,,,,,,,,,,,,,,,,,,1011200,2303985
12,18,Perempuan,21806000,913000,2,71,Silver,,,,,,,,,,,,,,,,,,,,,,,,,,,,,912736,21805992
13,37,Perempuan,14517500,2080000,1,11,Platinum,,,,,,,,,,,,,,,,,,,,,,,,,,,,,2079585,14517273
14,46,Perempuan,8176500,2154000,9,21,Silver,,,,,,,,,,,,,,,,,,,,,,,,,,,,,2153564,8176448
15,22,Laki-laki,4958000,1026500,10,77,Silver,,,,,,,,,,,,,,,,,,,,,,,,,,,,,1026422,4957804
16,40,Perempuan,11267000,1513500,6,83,Platinum,,,,,,,,,,,,,,,,,,,,,,,,,,,,,1513367,11266914
17,51,Perempuan,21719500,1353500,-1,99,Gold,,,,,,,,,,,,,,,,,,,,,,,,,,,,,1353363,21719170
18,49,Perempuan,4654500,1904500,0,71,Gold,,,,,,,,,,,,,,,,,,,,,,,,,,,,,1904053,4654085
19,44,Laki-laki,20782000,2364000,8,80,Silver,,,,,,,,,,,,,,,,,,,,,,,,,,,,,2363572,20781766
20,17,Perempuan,22287500,1450500,4,97,Gold,,,,,,,,,,,,,,,,,,,,,,,,,,,,,1450270,22287372
21,59,Laki-laki,9662000,1574000,-4,71,Gold,,,,,,,,,,,,,,,,,,,,,,,,,,,,,1573995,9661998
22,40,Perempuan,22268500,1618000,-2,81,Silver,,,,,,,,,,,,,,,,,,,,,,,,,,,,,1617730,22268365
23,40,Laki-laki,6436000,2349000,4,88,Gold,,,,,,,,,,,,,,,,,,,,,,,,,,,,,2348743,6435995
24,34,Perempuan,5222000,2280000,-1,72,Silver,,,,,,,,,,,,,,,,,,,,,,,,,,,,,2279919,5221987
25,18,Perempuan,7681500,1717000,9,78,Gold,,,,,,,,,,,,,,,,,,,,,,,,,,,,,1716971,7681393
26,44,Laki-laki,6024000,1385000,0,89,Platinum,,,,,,,,,,,,,,,,,,,,,,,,,,,,,1384981,6023887
27,21,Perempuan,11522000,1831000,5,82,Silver,,,,,,,,,,,,,,,,,,,,,,,,,,,,,1830962,11521734
28,27,Perempuan,2278500,2132500,1,82,Gold,,,,,,,,,,,,,,,,,,,,,,,,,,,,,2132086,2278414
29,15,Laki-laki,20981000,1945500,2,69,Gold,,,,,,,,,,,,,,,,,,,,,,,,,,,,,1945060,20980922
30,37,Perempuan,2825500,1931000,8,98,Platinum,,,,,,,,,,,,,,,,,,,,,,,,,,,,,1930748,2825429
31,17,Perempuan,10889500,2282000,3,94,Gold,,,,,,,,,,,,,,,,,,,,,,,,,,,,,2281800,10889248
32,58,Perempuan,4935500,1062000,6,72,Platinum,,,,,,,,,,,,,,,,,,,,,,,,,,,,,1061505,4935473
33,17,Laki-laki,17430000,1418500,9,87,Platinum,,,,,,,,,,,,,,,,,,,,,,,,,,,,,1418172,17429910
34,15,Perempuan,2437500,1462500,0,0,Silver,,,,,,,,,,,,,,,,,,,,,,,,,,,,,1462463,2437498
35,35,Laki-laki,9718000,1521500,9,92,Gold,,,,,,,,,,,,,,,,,,,,,,,,,,,,,1521162,9717577
36,25,Perempuan,5370000,2506000,-1,77,Gold,,,,,,,,,,,,,,,,,,,,,,,,,,,,,2505935,5369815
37,45,Laki-laki,10046500,2109500,4,72,Platinum,,,,,,,,,,,,,,,,,,,,,,,,,,,,,2109040,10046180
38,53,Perempuan,12053500,1967000,4,92,Silver,,,,,,,,,,,,,,,,,,,,,,,,,,,,,1966768,12053406
39,36,Laki-laki,12025500,2300000,-1,76,Gold,,,,,,,,,,,,,,,,,,,,,,,,,,,,,2299551,12025235
40,19,Perempuan,12604500,1675500,5,74,Gold,,,,,,,,,,,,,,,,,,,,,,,,,,,,,1675138,12604435
41,55,Perempuan,17329500,1442500,4,82,Silver,,,,,,,,,,,,,,,,,,,,,,,,,,,,,1442298,17329121
42,56,Perempuan,21788000,1368500,5,76,Gold,,,,,,,,,,,,,,,,,,,,,,,,,,,,,1368066,21787994
43,32,Laki-laki,20260000,2216000,8,84,Silver,,,,,,,,,,,,,,,,,,,,,,,,,,,,,2215639,20259740
44,54,Perempuan,6109000,1102000,7,75,Silver,,,,,,,,,,,,,,,,,,,,,,,,,,,,,1101765,6108622
45,34,Laki-laki,21257000,1618500,5,74,Silver,,,,,,,,,,,,,,,,,,,,,,,,,,,,,1618380,21256584
46,50,Perempuan,6981000,1573500,10,74,Gold,,,,,,,,,,,,,,,,,,,,,,,,,,,,,1573273,6980794
47,29,Laki-laki,7776500,1310000,5,79,Gold,,,,,,,,,,,,,,,,,,,,,,,,,,,,,1309573,7776378
48,52,Laki-laki,18753000,843500,6,80,Platinum,,,,,,,,,,,,,,,,,,,,,,,,,,,,,843403,18752712
49,31,Laki-laki,18042000,1126500,2,85,Silver,,,,,,,,,,,,,,,,,,,,,,,,,,,,,1126168,18041985
50,29,Laki-laki,9027000,2314000,5,74,Silver,,,,,,,,,,,,,,,,,,,,,,,,,,,,,2313752,9026978
51,53,Perempuan,3955500,1839500,3,77,Gold,,,,,,,,,,,,,,,,,,,,,,,,,,,,,1839413,3955397
52,32,Perempuan,1566500,2249000,2,76,Gold,,,,,,,,,,,,,,,,,,,,,,,,,,,,,2248579,1566011
53,54,Perempuan,3193500,2155500,8,89,Gold,,,,,,,,,,,,,,,,,,,,,,,,,,,,,2155156,3193217
54,28,Perempuan,20720000,881500,4,83,Platinum,,,,,,,,,,,,,,,,,,,,,,,,,,,,,881216,20719807
55,16,Perempuan,1788500,2050000,7,86,Silver,,,,,,,,,,,,,,,,,,,,,,,,,,,,,2049529,1788213
56,51,Laki-laki,7374500,2514000,8,91,Platinum,,,,,,,,,,,,,,,,,,,,,,,,,,,,,2513990,7374027
57,16,Perempuan,17394500,950000,5,87,Silver,,,,,,,,,,,,,,,,,,,,,,,,,,,,,949877,17394233
58,31,Laki-laki,16496500,1307500,2,67,Gold,,,,,,,,,,,,,,,,,,,,,,,,,,,,,1307133,16496228
59,23,Perempuan,17974500,936500,10,95,Platinum,,,,,,,,,,,,,,,,,,,,,,,,,,,,,936178,17974280
60,51,Perempuan,17215000,1780000,8,98,Platinum,,,,,,,,,,,,,,,,,,,,,,,,,,,,,1779588,17214696
61,38,Perempuan,21615000,806500,7,86,Silver,,,,,,,,,,,,,,,,,,,,,,,,,,,,,806203,21614765
62,15,Perempuan,6240000,1057000,0,98,Platinum,,,,,,,,,,,,,,,,,,,,,,,,,,,,,1056691,6239658
63,43,Perempuan,19977500,2063000,1,88,Silver,,,,,,,,,,,,,,,,,,,,,,,,,,,,,2062636,19977467
64,50,Laki-laki,16670500,2293000,4,69,Gold,,,,,,,,,,,,,,,,,,,,,,,,,,,,,2292652,16670475
65,28,Perempuan,14476500,2194000,5,69,Gold,,,,,,,,,,,,,,,,,,,,,,,,,,,,,2193546,14476471
66,54,Laki-laki,11141500,1620000,1,93,Silver,,,,,,,,,,,,,,,,,,,,,,,,,,,,,1619861,11141418
67,16,Perempuan,5150000,1934500,3,81,Platinum,,,,,,,,,,,,,,,,,,,,,,,,,,,,,1934131,5149624
68,28,Laki-laki,2700000,1063000,0,68,Silver,,,,,,,,,,,,,,,,,,,,,,,,,,,,,1062753,2699910
69,36,Perempuan,1605000,1450500,-2,95,Gold,,,,,,,,,,,,,,,,,,,,,,,,,,,,,1450436,1604721
70,39,Perempuan,8543000,2163000,5,79,Platinum,,,,,,,,,,,,,,,,,,,,,,,,,,,,,2162756,8542562
71,44,Perempuan,13204000,2421000,3,96,Silver,,,,,,,,,,,,,,,,,,,,,,,,,,,,,2420711,13203924
72,39,Perempuan,21557500,1603000,-1,90,Gold,,,,,,,,,,,,,,,,,,,,,,,,,,,,,1602517,21557459
73,26,Perempuan,7326500,1664000,7,0,Silver,,,,,,,,,,,,,,,,,,,,,,,,,,,,,1663672,7326440
74,50,Perempuan,9147000,1169000,9,75,Gold,,,,,,,,,,,,,,,,,,,,,,,,,,,,,1168863,9146949
75,59,Perempuan,17966000,872000,3,91,Gold,,,,,,,,,,,,,,,,,,,,,,,,,,,,,871595,17965552
76,58,Perempuan,17309500,2019500,10,78,Gold,,,,,,,,,,,,,,,,,,,,,,,,,,,,,2019269,17309083
77,51,Perempuan,18874500,2488500,6,86,Gold,,,,,,,,,,,,,,,,,,,,,,,,,,,,,2488421,18874183
78,24,Laki-laki,2651000,2261000,9,84,Gold,,,,,,,,,,,,,,,,,,,,,,,,,,,,,2260506,2650576
79,17,Laki-laki,20926500,1023500,4,76,Gold,,,,,,,,,,,,,,,,,,,,,,,,,,,,,1023018,20926088
80,35,Perempuan,22346000,1066500,0,89,Gold,,,,,,,,,,,,,,,,,,,,,,,,,,,,,1066265,22345778
81,31,Perempuan,3551500,2228000,1,96,Gold,,,,,,,,,,,,,,,,,,,,,,,,,,,,,2227937,3551356
82,59,Laki-laki,20321000,1175000,1,90,Silver,,,,,,,,,,,,,,,,,,,,,,,,,,,,,1174840,20320786
83,41,Laki-laki,12011000,1494000,3,79,Silver,,,,,,,,,,,,,,,,,,,,,,,,,,,,,1493778,12010640
84,41,Perempuan,3531500,1953000,-2,82,Silver,,,,,,,,,,,,,,,,,,,,,,,,,,,,,1952968,3531221
85,35,Perempuan,15009500,2234000,5,100,Platinum,,,,,,,,,,,,,,,,,,,,,,,,,,,,,2233932,15009347
86,48,Perempuan,8769500,1984000,10,84,Platinum,,,,,,,,,,,,,,,,,,,,,,,,,,,,,1983836,8769053
87,47,Perempuan,1948000,1736500,5,68,Silver,,,,,,,,,,,,,,,,,,,,,,,,,,,,,1736088,1947640
88,22,Laki-laki,14185000,2043500,2,82,Gold,,,,,,,,,,,,,,,,,,,,,,,,,,,,,2043173,14184792
89,55,Laki-laki,21979500,2032000,4,79,Platinum,,,,,,,,,,,,,,,,,,,,,,,,,,,,,2031810,21979253
90,34,Perempuan,964500,2528000,10,96,Silver,,,,,,,,,,,,,,,,,,,,,,,,,,,,,2527756,964296
91,18,Perempuan,16781000,1379000,9,75,Platinum,,,,,,,,,,,,,,,,,,,,,,,,,,,,,1378820,16780710
92,43,Laki-laki,10809000,1360000,-1,0,Gold,,,,,,,,,,,,,,,,,,,,,,,,,,,,,1359924,10808777
93,44,Perempuan,17491500,1471500,10,81,Silver,,,,,,,,,,,,,,,,,,,,,,,,,,,,,1471193,17491115
94,20,Laki-laki,4852000,2513000,4,89,Platinum,,,,,,,,,,,,,,,,,,,,,,,,,,,,,2512882,4851902
95,39,Perempuan,16696000,2352500,0,94,Silver,,,,,,,,,,,,,,,,,,,,,,,,,,,,,2352200,16695644
96,30,Laki-laki,13774000,1438000,2,100,Silver,,,,,,,,,,,,,,,,,,,,,,,,,,,,,1437934,13773732
97,26,Perempuan,19009500,992000,3,93,Gold,,,,,,,,,,,,,,,,,,,,,,,,,,,,,991560,19009245
98,38,Laki-laki,9397000,1541000,2,74,Platinum,,,,,,,,,,,,,,,,,,,,,,,,,,,,,1540640,9396604
99,56,Perempuan,21291000,1193000,0,98,Silver,,,,,,,,,,,,,,,,,,,,,,,,,,,,,1192612,21290974
100,56,Laki-laki,9025000,1791000,3,70,Gold,,,,,,,,,,,,,,,,,,,,,,,,,,,,,1790577,9024553
101,46,Perempuan,7560000,2492500,3,79,Platinum,,,,,,,,,,,,,,,,,,,,,,,,,,,,,2492460,7559540
102,33,Perempuan,20158500,884000,10,95,Platinum,,,,,,,,,,,,,,,,,,,,,,,,,,,,,883853,20158353
103,37,Perempuan,21636000,2250000,2,95,Silver,,,,,,,,,,,,,,,,,,,,,,,,,,,,,2249993,21635701
104,53,Perempuan,13397000,1839500,3,67,Gold,,,,,,,,,,,,,,,,,,,,,,,,,,,,,1839135,13396996
105,34,Laki-laki,4727500,1994500,3,86,Gold,,,,,,,,,,,,,,,,,,,,,,,,,,,,,1994191,4727157
106,30,Perempuan,2817500,1120000,5,90,Platinum,,,,,,,,,,,,,,,,,,,,,,,,,,,,,1119647,2817216
107,46,Perempuan,6366500,2113000,7,67,Silver,,,,,,,,,,,,,,,,,,,,,,,,,,,,,2112856,6366330
108,48,Perempuan,14297000,1472500,-2,91,Silver,,,,,,,,,,,,,,,,,,,,,,,,,,,,,1472169,14296572
109,42,Laki-laki,18027000,1700000,-2,73,Gold,,,,,,,,,,,,,,,,,,,,,,,,,,,,,1699860,18026725
110,34,Laki-laki,3510500,1415000,2,78,Silver,,,,,,,,,,,,,,,,,,,,,,,,,,,,,1414515,3510342
111,51,Laki-laki,20061500,1385500,8,73,Platinum,,,,,,,,,,,,,,,,,,,,,,,,,,,,,1385298,20061443
112,17,Perempuan,4835000,857500,-2,97,Silver,,,,,,,,,,,,,,,,,,,,,,,,,,,,,857028,4834622
113,51,Perempuan,1136000,1392500,-2,82,Platinum,,,,,,,,,,,,,,,,,,,,,,,,,,,,,1392394,1135983
114,39,Laki-laki,5151500,1694000,6,87,Silver,,,,,,,,,,,,,,,,,,,,,,,,,,,,,1693630,5151405
115,19,Laki-laki,1366000,2064500,-1,69,Gold,,,,,,,,,,,,,,,,,,,,,,,,,,,,,2064024,1365622
116,16,Perempuan,5445000,1153000,6,79,Platinum,,,,,,,,,,,,,,,,,,,,,,,,,,,,,1152811,5444905
117,47,Laki-laki,21100000,980500,-2,84,Silver,,,,,,,,,,,,,,,,,,,,,,,,,,,,,980216,21099574
118,48,Perempuan,6402000,1660500,-2,97,Gold,,,,,,,,,,,,,,,,,,,,,,,,,,,,,1660376,6401606
119,24,Laki-laki,18559000,2457000,-1,94,Platinum,,,,,,,,,,,,,,,,,,,,,,,,,,,,,2456936,18558559
120,28,Laki-laki,18472500,2487500,10,100,Silver,,,,,,,,,,,,,,,,,,,,,,,,,,,,,2487226,18472177
121,37,Laki-laki,10428500,826500,10,68,Gold,,,,,,,,,,,,,,,,,,,,,,,,,,,,,826183,10428281
122,33,Perempuan,14433000,2410500,1,86,Silver,,,,,,,,,,,,,,,,,,,,,,,,,,,,,2410200,14432784
123,17,Perempuan,19926000,1576500,-2,72,Platinum,,,,,,,,,,,,,,,,,,,,,,,,,,,,,1576452,19925826
124,26,Perempuan,18683000,1871000,1,76,Silver,,,,,,,,,,,,,,,,,,,,,,,,,,,,,1870983,18682833
125,55,Laki-laki,6884500,2342000,-2,79,Silver,,,,,,,,,,,,,,,,,,,,,,,,,,,,,2341807,6884189
126,22,Perempuan,16187500,981500,3,95,Gold,,,,,,,,,,,,,,,,,,,,,,,,,,,,,981162,16187287
127,57,Laki-laki,15478000,2189500,5,81,Platinum,,,,,,,,,,,,,,,,,,,,,,,,,,,,,2189204,15477687
128,36,Perempuan,20457500,2011500,4,79,Gold,,,,,,,,,,,,,,,,,,,,,,,,,,,,,2011138,20457093
129,55,Laki-laki,4897500,1854500,4,80,Platinum,,,,,,,,,,,,,,,,,,,,,,,,,,,,,1854246,4897331
130,50,Perempuan,15552500,2488000,8,71,Gold,,,,,,,,,,,,,,,,,,,,,,,,,,,,,2487912,15552040
131,56,Laki-laki,7211000,1393000,-1,68,Silver,,,,,,,,,,,,,,,,,,,,,,,,,,,,,1392630,7210705
132,49,Perempuan,15438000,1485500,2,75,Silver,,,,,,,,,,,,,,,,,,,,,,,,,,,,,1485183,15437718
133,25,Perempuan,12702000,1815500,5,88,Silver,,,,,,,,,,,,,,,,,,,,,,,,,,,,,1815433,12701742
134,54,Perempuan,18726500,856500,-1,97,Gold,,,,,,,,,,,,,,,,,,,,,,,,,,,,,856284,18726367
135,31,Perempuan,17016500,1638000,0,82,Gold,,,,,,,,,,,,,,,,,,,,,,,,,,,,,1637859,17016097
136,53,Perempuan,9723000,966500,3,99,Platinum,,,,,,,,,,,,,,,,,,,,,,,,,,,,,966353,9722774
137,44,Perempuan,19513500,851500,6,70,Gold,,,,,,,,,,,,,,,,,,,,,,,,,,,,,851477,19513102
138,25,Perempuan,18445500,2460000,-2,99,Platinum,,,,,,,,,,,,,,,,,,,,,,,,,,,,,2459973,18445246
139,47,Perempuan,9606500,1132000,-2,91,Gold,,,,,,,,,,,,,,,,,,,,,,,,,,,,,1131588,9606270
140,59,Laki-laki,10578500,2060500,0,78,Platinum,,,,,,,,,,,,,,,,,,,,,,,,,,,,,2060228,10578094
141,28,Laki-laki,17223000,2302500,-1,70,Gold,,,,,,,,,,,,,,,,,,,,,,,,,,,,,2302012,17222878
142,52,Laki-laki,11054000,2101500,8,99,Platinum,,,,,,,,,,,,,,,,,,,,,,,,,,,,,2101373,11053878
143,39,Laki-laki,5014500,1377500,0,81,Gold,,,,,,,,,,,,,,,,,,,,,,,,,,,,,1377087,5014237
144,57,Perempuan,12309000,1794000,-1,86,Platinum,,,,,,,,,,,,,,,,,,,,,,,,,,,,,1793741,12308937
145,36,Perempuan,5955000,2500000,7,2,Silver,,,,,,,,,,,,,,,,,,,,,,,,,,,,,2499523,5954667
146,59,Perempuan,20484500,2198500,10,68,Silver,,,,,,,,,,,,,,,,,,,,,,,,,,,,,2198413,20484153
147,39,Perempuan,11305000,1737500,1,93,Silver,,,,,,,,,,,,,,,,,,,,,,,,,,,,,1737295,11304977
148,23,Laki-laki,21916000,932000,0,84,Gold,,,,,,,,,,,,,,,,,,,,,,,,,,,,,931667,21915959
149,55,Perempuan,17116500,1315500,3,91,Silver,,,,,,,,,,,,,,,,,,,,,,,,,,,,,1315131,17116125
150,23,Perempuan,17402000,2094500,4,77,Gold,,,,,,,,,,,,,,,,,,,,,,,,,,,,,2094310,17401750
151,39,Laki-laki,8178500,2127500,6,83,Silver,,,,,,,,,,,,,,,,,,,,,,,,,,,,,2127184,8178408
152,53,Perempuan,20884500,2091500,-1,68,Gold,,,,,,,,,,,,,,,,,,,,,,,,,,,,,2091126,20884009
153,22,Perempuan,20007000,1943500,0,85,Gold,,,,,,,,,,,,,,,,,,,,,,,,,,,,,1943446,20006762
154,42,Laki-laki,21869000,1961500,9,73,Gold,,,,,,,,,,,,,,,,,,,,,,,,,,,,,1961118,21868709
155,17,Perempuan,20395500,2533500,8,98,Silver,,,,,,,,,,,,,,,,,,,,,,,,,,,,,2533078,20395161
156,42,Perempuan,18545500,1557000,4,92,Silver,,,,,,,,,,,,,,,,,,,,,,,,,,,,,1556555,18545025
157,59,Perempuan,9211500,1596000,2,78,Silver,,,,,,,,,,,,,,,,,,,,,,,,,,,,,1595801,9211091
158,30,Laki-laki,1321000,1455000,0,92,Platinum,,,,,,,,,,,,,,,,,,,,,,,,,,,,,1454682,1320789
159,33,Perempuan,21473500,883000,0,71,Silver,,,,,,,,,,,,,,,,,,,,,,,,,,,,,882894,21473357
160,41,Perempuan,1924000,2418000,-2,79,Gold,,,,,,,,,,,,,,,,,,,,,,,,,,,,,2417687,1923808
161,23,Laki-laki,15847000,1038000,10,68,Silver,,,,,,,,,,,,,,,,,,,,,,,,,,,,,1037763,15846525
162,46,Laki-laki,2596000,1000000,5,77,Silver,,,,,,,,,,,,,,,,,,,,,,,,,,,,,999697,2595950
163,50,Laki-laki,1243000,1730500,3,78,Platinum,,,,,,,,,,,,,,,,,,,,,,,,,,,,,1730377,1242890
164,52,Perempuan,22437000,1361500,-3,81,Silver,,,,,,,,,,,,,,,,,,,,,,,,,,,,,1361165,22436733
165,52,Perempuan,2225500,1030500,0,93,Platinum,,,,,,,,,,,,,,,,,,,,,,,,,,,,,1030268,2225161
166,48,Laki-laki,9730500,2408500,2,89,Silver,,,,,,,,,,,,,,,,,,,,,,,,,,,,,2408032,9730283
167,33,Perempuan,19549000,1119500,-1,74,Silver,,,,,,,,,,,,,,,,,,,,,,,,,,,,,1119352,19548729
168,27,Laki-laki,14449000,804500,5,84,Silver,,,,,,,,,,,,,,,,,,,,,,,,,,,,,804289,14448958
169,53,Perempuan,15193000,870500,6,84,Platinum,,,,,,,,,,,,,,,,,,,,,,,,,,,,,870201,15192719
170,30,Laki-laki,4686500,1781500,-2,83,Silver,,,,,,,,,,,,,,,,,,,,,,,,,,,,,1781076,4686141
171,47,Perempuan,3980000,1364000,6,84,Platinum,,,,,,,,,,,,,,,,,,,,,,,,,,,,,1363561,3979609
172,18,Laki-laki,10637000,1343500,0,69,Platinum,,,,,,,,,,,,,,,,,,,,,,,,,,,,,1343412,10636762
173,37,Perempuan,13346500,1652000,7,95,Gold,,,,,,,,,,,,,,,,,,,,,,,,,,,,,1651664,13346099
174,35,Laki-laki,8658000,2128000,0,75,Gold,,,,,,,,,,,,,,,,,,,,,,,,,,,,,2127749,8657617
175,39,Perempuan,11378000,964500,2,71,Gold,,,,,,,,,,,,,,,,,,,,,,,,,,,,,964153,11377966
176,40,Laki-laki,2366000,1895000,-2,23,Silver,,,,,,,,,,,,,,,,,,,,,,,,,,,,,1894725,2365699
177,52,Perempuan,1945500,1941000,3,99,Gold,,,,,,,,,,,,,,,,,,,,,,,,,,,,,1940898,1945142
178,53,Perempuan,11161500,2146000,3,85,Silver,,,,,,,,,,,,,,,,,,,,,,,,,,,,,2145688,11161273
179,54,Laki-laki,18129500,1596000,8,77,Gold,,,,,,,,,,,,,,,,,,,,,,,,,,,,,1595508,18129052
180,26,Laki-laki,22534000,1925000,1,78,Platinum,,,,,,,,,,,,,,,,,,,,,,,,,,,,,1924661,22533584
181,26,Perempuan,995000,1758000,10,32,Silver,,,,,,,,,,,,,,,,,,,,,,,,,,,,,1757637,994569
182,19,Perempuan,1918500,1893000,-2,70,Gold,,,,,,,,,,,,,,,,,,,,,,,,,,,,,1892882,1918159
183,26,Perempuan,10491500,1388000,-2,96,Gold,,,,,,,,,,,,,,,,,,,,,,,,,,,,,1387987,10491411
184,19,Perempuan,6486500,1786000,-1,79,Platinum,,,,,,,,,,,,,,,,,,,,,,,,,,,,,1785592,6486441
185,59,Laki-laki,3262000,1254500,-3,90,Gold,,,,,,,,,,,,,,,,,,,,,,,,,,,,,1254249,3261610
186,57,Laki-laki,10052000,1724000,3,89,Gold,,,,,,,,,,,,,,,,,,,,,,,,,,,,,1723938,10051648
187,17,Perempuan,11030000,1423500,-2,99,Platinum,,,,,,,,,,,,,,,,,,,,,,,,,,,,,1423412,11029603
188,53,Perempuan,1409500,1511000,9,77,Silver,,,,,,,,,,,,,,,,,,,,,,,,,,,,,1510868,1409082
189,29,Laki-laki,12979000,2397500,6,87,Silver,,,,,,,,,,,,,,,,,,,,,,,,,,,,,2397469,12978844
190,51,Perempuan,1375500,1522500,5,99,Gold,,,,,,,,,,,,,,,,,,,,,,,,,,,,,1522063,1375056
191,49,Laki-laki,19222500,1805500,9,84,Silver,,,,,,,,,,,,,,,,,,,,,,,,,,,,,1805338,19222041
192,35,Perempuan,10042000,801500,1,75,Gold,,,,,,,,,,,,,,,,,,,,,,,,,,,,,801496,10041722
193,31,Perempuan,2490000,1601500,8,93,Silver,,,,,,,,,,,,,,,,,,,,,,,,,,,,,1601422,2489684
194,24,Perempuan,2938000,2362500,1,67,Gold,,,,,,,,,,,,,,,,,,,,,,,,,,,,,2362345,2937848
195,49,Laki-laki,8654000,2283500,10,77,Silver,,,,,,,,,,,,,,,,,,,,,,,,,,,,,2283303,8653563
196,34,Laki-laki,12232000,1884500,5,71,Gold,,,,,,,,,,,,,,,,,,,,,,,,,,,,,1884257,12231891
197,46,Laki-laki,3408500,806000,2,69,Silver,,,,,,,,,,,,,,,,,,,,,,,,,,,,,805642,3408487
198,31,Perempuan,4321500,854500,9,67,Gold,,,,,,,,,,,,,,,,,,,,,,,,,,,,,854252,4321160
199,35,Perempuan,19209000,2418000,2,0,Gold,,,,,,,,,,,,,,,,,,,,,,,,,,,,,2417865,19208657
200,43,Perempuan,12498000,2520000,-2,75,Silver,,,,,,,,,,,,,,,,,,,,,,,,,,,,,2519597,12497534
201,34,Perempuan,15781000,1379000,-1,72,Gold,,,,,,,,,,,,,,,,,,,,,,,,,,,,,1378962,15780712
202,28,Laki-laki,15058500,2497000,-1,67,Gold,,,,,,,,,,,,,,,,,,,,,,,,,,,,,2496754,15058221
203,42,Perempuan,4306500,1206500,10,73,Silver,,,,,,,,,,,,,,,,,,,,,,,,,,,,,1206234,4306100
204,54,Perempuan,13531000,1777500,-2,68,Platinum,,,,,,,,,,,,,,,,,,,,,,,,,,,,,1777424,13530880
205,56,Perempuan,21397500,1123500,-2,84,Platinum,,,,,,,,,,,,,,,,,,,,,,,,,,,,,1123408,21397162
206,27,Laki-laki,6077000,1917500,-2,99,Platinum,,,,,,,,,,,,,,,,,,,,,,,,,,,,,1917236,6076553
207,54,Perempuan,21453000,1003500,4,86,Silver,,,,,,,,,,,,,,,,,,,,,,,,,,,,,1003034,21452731
208,57,Laki-laki,9133000,840000,4,75,Gold,,,,,,,,,,,,,,,,,,,,,,,,,,,,,839858,9132660
209,58,Perempuan,1989000,1440000,2,100,Platinum,,,,,,,,,,,,,,,,,,,,,,,,,,,,,1439654,1988701
210,21,Laki-laki,21616500,2377000,7,86,Gold,,,,,,,,,,,,,,,,,,,,,,,,,,,,,2376967,21616463
211,30,Perempuan,19423500,800500,0,85,Platinum,,,,,,,,,,,,,,,,,,,,,,,,,,,,,800340,19423132
212,41,Perempuan,2720000,1089500,3,85,Gold,,,,,,,,,,,,,,,,,,,,,,,,,,,,,1089466,2719854
213,54,Perempuan,17727000,1098000,-1,90,Platinum,,,,,,,,,,,,,,,,,,,,,,,,,,,,,1097992,17726686
214,35,Laki-laki,15003500,1962000,3,85,Silver,,,,,,,,,,,,,,,,,,,,,,,,,,,,,1961530,15003242
215,38,Laki-laki,10229000,1087500,0,2,Silver,,,,,,,,,,,,,,,,,,,,,,,,,,,,,1087006,10228682
216,47,Laki-laki,3800500,1950500,-2,68,Gold,,,,,,,,,,,,,,,,,,,,,,,,,,,,,1950192,3800172
217,49,Perempuan,1270000,1695000,1,71,Gold,,,,,,,,,,,,,,,,,,,,,,,,,,,,,1694771,1269944
218,23,Perempuan,10834000,1365500,9,70,Gold,,,,,,,,,,,,,,,,,,,,,,,,,,,,,1365239,10833940
219,42,Perempuan,20258000,2296500,1,76,Silver,,,,,,,,,,,,,,,,,,,,,,,,,,,,,2296227,20257717
220,28,Perempuan,4438000,1228500,8,97,Platinum,,,,,,,,,,,,,,,,,,,,,,,,,,,,,1228486,4437634
221,57,Laki-laki,15429000,1098500,7,100,Silver,,,,,,,,,,,,,,,,,,,,,,,,,,,,,1098379,15428834
222,54,Laki-laki,12116500,1048000,5,79,Silver,,,,,,,,,,,,,,,,,,,,,,,,,,,,,1047888,12116492
223,38,Perempuan,13194500,1080500,4,93,Gold,,,,,,,,,,,,,,,,,,,,,,,,,,,,,1080485,13194184
224,39,Perempuan,1879000,1648000,8,71,Silver,,,,,,,,,,,,,,,,,,,,,,,,,,,,,1647603,1878723
225,48,Perempuan,19447000,1777500,7,74,Silver,,,,,,,,,,,,,,,,,,,,,,,,,,,,,1777109,19446583
226,48,Perempuan,3910500,1993000,5,86,Platinum,,,,,,,,,,,,,,,,,,,,,,,,,,,,,1992526,3910321
227,40,Laki-laki,20398000,1849500,1,81,Gold,,,,,,,,,,,,,,,,,,,,,,,,,,,,,1849122,20397634
228,44,Laki-laki,21871000,2050000,0,75,Gold,,,,,,,,,,,,,,,,,,,,,,,,,,,,,2049953,21870633
229,45,Perempuan,4473000,1417500,3,79,Gold,,,,,,,,,,,,,,,,,,,,,,,,,,,,,1417407,4472771
230,25,Laki-laki,1972000,1030500,7,91,Silver,,,,,,,,,,,,,,,,,,,,,,,,,,,,,1030409,1971998
231,38,Perempuan,14245500,1594000,6,98,Silver,,,,,,,,,,,,,,,,,,,,,,,,,,,,,1593844,14245115
232,24,Perempuan,3647000,1830000,-2,82,Platinum,,,,,,,,,,,,,,,,,,,,,,,,,,,,,1829796,3646541
233,53,Perempuan,10613500,1729000,9,100,Silver,,,,,,,,,,,,,,,,,,,,,,,,,,,,,1728793,10613080
234,48,Laki-laki,21790000,2322500,10,91,Silver,,,,,,,,,,,,,,,,,,,,,,,,,,,,,2322101,21789852
235,57,Perempuan,21875500,1255500,9,95,Platinum,,,,,,,,,,,,,,,,,,,,,,,,,,,,,1255038,21875068
236,40,Perempuan,4536000,1669000,0,72,Gold,,,,,,,,,,,,,,,,,,,,,,,,,,,,,1668971,4535917
237,16,Perempuan,2112500,1613500,8,72,Gold,,,,,,,,,,,,,,,,,,,,,,,,,,,,,1613165,2112268
238,53,Laki-laki,13073000,1249000,-1,92,Silver,,,,,,,,,,,,,,,,,,,,,,,,,,,,,1248867,13072537
239,50,Perempuan,19387500,1018000,1,87,Gold,,,,,,,,,,,,,,,,,,,,,,,,,,,,,1017709,19387147
240,17,Laki-laki,19253500,938000,9,91,Gold,,,,,,,,,,,,,,,,,,,,,,,,,,,,,937917,19253159
241,44,Perempuan,7624000,1998500,7,71,Silver,,,,,,,,,,,,,,,,,,,,,,,,,,,,,1998193,7623592
242,52,Laki-laki,12413500,1825500,7,74,Gold,,,,,,,,,,,,,,,,,,,,,,,,,,,,,1825462,12413398
243,34,Perempuan,7396500,2179500,9,80,Silver,,,,,,,,,,,,,,,,,,,,,,,,,,,,,2179324,7396303
244,25,Perempuan,2714500,1974500,5,88,Gold,,,,,,,,,,,,,,,,,,,,,,,,,,,,,1974066,2714190
245,27,Laki-laki,2709500,1416000,-1,82,Platinum,,,,,,,,,,,,,,,,,,,,,,,,,,,,,1415721,2709421
246,21,Perempuan,3084000,1850500,10,79,Silver,,,,,,,,,,,,,,,,,,,,,,,,,,,,,1850466,3083892
247,22,Perempuan,18617000,1391000,9,76,Gold,,,,,,,,,,,,,,,,,,,,,,,,,,,,,1390656,18616742
248,44,Laki-laki,21912000,1059000,-2,76,Gold,,,,,,,,,,,,,,,,,,,,,,,,,,,,,1058518,21911617
249,15,Perempuan,10839500,1758000,8,85,Platinum,,,,,,,,,,,,,,,,,,,,,,,,,,,,,1757784,10839303
250,22,Perempuan,7436000,1142500,0,94,Gold,,,,,,,,,,,,,,,,,,,,,,,,,,,,,1142225,7435977
251,18,Perempuan,18013500,1726000,5,72,Platinum,,,,,,,,,,,,,,,,,,,,,,,,,,,,,1725762,18013403
252,46,Laki-laki,1769500,1199500,3,71,Platinum,,,,,,,,,,,,,,,,,,,,,,,,,,,,,1199076,1769070
253,16,Perempuan,8142000,838500,-1,80,Silver,,,,,,,,,,,,,,,,,,,,,,,,,,,,,838241,8141522
254,54,Laki-laki,11079000,1762500,6,92,Gold,,,,,,,,,,,,,,,,,,,,,,,,,,,,,1762475,11078672
255,18,Perempuan,15491000,1541000,7,98,Gold,,,,,,,,,,,,,,,,,,,,,,,,,,,,,1540920,15490737
256,32,Laki-laki,16497500,952000,4,80,Platinum,,,,,,,,,,,,,,,,,,,,,,,,,,,,,951651,16497425
257,55,Perempuan,14088000,834500,-2,97,Silver,,,,,,,,,,,,,,,,,,,,,,,,,,,,,834135,14087665
258,20,Laki-laki,4540500,2262500,0,82,Gold,,,,,,,,,,,,,,,,,,,,,,,,,,,,,2262189,4540155
259,41,Perempuan,7120500,2293000,10,82,Gold,,,,,,,,,,,,,,,,,,,,,,,,,,,,,2292571,7120164
260,18,Perempuan,20598500,1749500,-1,77,Silver,,,,,,,,,,,,,,,,,,,,,,,,,,,,,1749069,20598386
261,29,Perempuan,10995500,2454000,-1,79,Gold,,,,,,,,,,,,,,,,,,,,,,,,,,,,,2453502,10995028
262,16,Laki-laki,7977000,1409500,-1,93,Silver,,,,,,,,,,,,,,,,,,,,,,,,,,,,,1409209,7976817
263,18,Perempuan,9717500,1457000,4,71,Silver,,,,,,,,,,,,,,,,,,,,,,,,,,,,,1456723,9717401
264,39,Laki-laki,21521500,1094000,5,72,Silver,,,,,,,,,,,,,,,,,,,,,,,,,,,,,1093547,21521499
265,20,Perempuan,12912500,2129000,9,83,Gold,,,,,,,,,,,,,,,,,,,,,,,,,,,,,2128736,12912219
266,49,Laki-laki,19122000,2064500,0,88,Gold,,,,,,,,,,,,,,,,,,,,,,,,,,,,,2064019,19121817
267,16,Laki-laki,1253500,895500,8,81,Platinum,,,,,,,,,,,,,,,,,,,,,,,,,,,,,895090,1253404
268,35,Laki-laki,15349000,1051000,1,77,Silver,,,,,,,,,,,,,,,,,,,,,,,,,,,,,1050738,15348989
269,44,Laki-laki,7815000,1195500,4,69,Silver,,,,,,,,,,,,,,,,,,,,,,,,,,,,,1195061,7814515
270,16,Perempuan,1388000,2378000,-2,87,Gold,,,,,,,,,,,,,,,,,,,,,,,,,,,,,2377675,1387759
271,37,Perempuan,18463000,1019000,0,94,Gold,,,,,,,,,,,,,,,,,,,,,,,,,,,,,1018559,18462745
272,54,Perempuan,17139500,1330000,10,72,Gold,,,,,,,,,,,,,,,,,,,,,,,,,,,,,1329877,17139272
273,47,Perempuan,17509500,2419000,8,68,Platinum,,,,,,,,,,,,,,,,,,,,,,,,,,,,,2418619,17509219
274,59,Perempuan,7258500,1753500,10,81,Silver,,,,,,,,,,,,,,,,,,,,,,,,,,,,,1753123,7258192
275,29,Laki-laki,15187000,1482000,7,86,Platinum,,,,,,,,,,,,,,,,,,,,,,,,,,,,,1481616,15186850
276,42,Perempuan,13017000,2320000,-1,89,Silver,,,,,,,,,,,,,,,,,,,,,,,,,,,,,2319861,13016630
277,16,Laki-laki,20674000,863500,8,79,Gold,,,,,,,,,,,,,,,,,,,,,,,,,,,,,863065,20673929
278,37,Perempuan,17795500,2260000,-1,82,Platinum,,,,,,,,,,,,,,,,,,,,,,,,,,,,,2259927,17795103
279,35,Perempuan,12471000,2207500,-1,83,Platinum,,,,,,,,,,,,,,,,,,,,,,,,,,,,,2207100,12470757
280,20,Perempuan,1718000,1284000,5,87,Silver,,,,,,,,,,,,,,,,,,,,,,,,,,,,,1283954,1717594
281,58,Perempuan,3880000,1407000,0,96,Platinum,,,,,,,,,,,,,,,,,,,,,,,,,,,,,1406530,3879560
282,51,Perempuan,7826500,827000,0,80,Silver,,,,,,,,,,,,,,,,,,,,,,,,,,,,,826704,7826051
283,52,Laki-laki,19468500,2344500,8,77,Gold,,,,,,,,,,,,,,,,,,,,,,,,,,,,,2344452,19468111
284,30,Perempuan,17779500,1477500,4,69,Gold,,,,,,,,,,,,,,,,,,,,,,,,,,,,,1477277,17779154
285,49,Laki-laki,15511000,1562500,10,98,Silver,,,,,,,,,,,,,,,,,,,,,,,,,,,,,1562473,15510901
286,58,Perempuan,7054000,1464000,3,80,Platinum,,,,,,,,,,,,,,,,,,,,,,,,,,,,,1463549,7053881
287,55,Laki-laki,17090000,2427000,9,73,Silver,,,,,,,,,,,,,,,,,,,,,,,,,,,,,2426865,17089918
288,33,Perempuan,4384500,1936000,-2,87,Gold,,,,,,,,,,,,,,,,,,,,,,,,,,,,,1935989,4384045
289,37,Perempuan,21635500,1480000,1,79,Platinum,,,,,,,,,,,,,,,,,,,,,,,,,,,,,1479516,21635294
290,27,Perempuan,6118000,1263500,-1,93,Silver,,,,,,,,,,,,,,,,,,,,,,,,,,,,,1263123,6117700
291,46,Perempuan,7911000,1149500,6,87,Gold,,,,,,,,,,,,,,,,,,,,,,,,,,,,,1149424,7910536
292,52,Perempuan,18834500,1855500,-1,72,Silver,,,,,,,,,,,,,,,,,,,,,,,,,,,,,1855453,18834403
293,27,Perempuan,10054500,1704000,2,87,Gold,,,,,,,,,,,,,,,,,,,,,,,,,,,,,1703694,10054462
294,30,Perempuan,17010000,1592500,8,72,Gold,,,,,,,,,,,,,,,,,,,,,,,,,,,,,1592445,17009637
295,26,Perempuan,3519500,1391500,-2,100,Gold,,,,,,,,,,,,,,,,,,,,,,,,,,,,,1391320,3519077
296,26,Perempuan,4054000,1485500,7,88,Gold,,,,,,,,,,,,,,,,,,,,,,,,,,,,,1485021,4053585
297,18,Laki-laki,13218000,1080000,2,90,Gold,,,,,,,,,,,,,,,,,,,,,,,,,,,,,1079662,13217664
298,17,Laki-laki,8953500,1341500,6,70,Gold,,,,,,,,,,,,,,,,,,,,,,,,,,,,,1341059,8953335
299,40,Perempuan,17733000,2282500,10,87,Gold,,,,,,,,,,,,,,,,,,,,,,,,,,,,,2282221,17732600
300,43,Perempuan,11715000,2417000,9,82,Gold,,,,,,,,,,,,,,,,,,,,,,,,,,,,,2416668,11714935
301,36,Laki-laki,7718000,2222000,5,72,Silver,,,,,,,,,,,,,,,,,,,,,,,,,,,,,2221946,7717630
302,16,Laki-laki,12282000,2194500,5,86,Silver,,,,,,,,,,,,,,,,,,,,,,,,,,,,,2194498,12281796
303,30,Perempuan,19066500,1083500,3,74,Silver,,,,,,,,,,,,,,,,,,,,,,,,,,,,,1083319,19066297
304,48,Perempuan,21126500,1571500,1,70,Platinum,,,,,,,,,,,,,,,,,,,,,,,,,,,,,1571036,21126080
305,46,Perempuan,14281500,2476500,1,82,Platinum,,,,,,,,,,,,,,,,,,,,,,,,,,,,,2476236,14281323
306,33,Perempuan,6592500,2221000,1,77,Silver,,,,,,,,,,,,,,,,,,,,,,,,,,,,,2220898,6592228
307,53,Laki-laki,8601000,2069500,4,86,Gold,,,,,,,,,,,,,,,,,,,,,,,,,,,,,2069440,8600829
308,32,Laki-laki,20412500,878000,6,73,Platinum,,,,,,,,,,,,,,,,,,,,,,,,,,,,,877863,20412420
309,52,Perempuan,21409500,1538500,1,97,Silver,,,,,,,,,,,,,,,,,,,,,,,,,,,,,1538340,21409176
310,55,Perempuan,7673000,1241500,3,87,Platinum,,,,,,,,,,,,,,,,,,,,,,,,,,,,,1241319,7672684
311,57,Laki-laki,6924500,973500,-1,69,Gold,,,,,,,,,,,,,,,,,,,,,,,,,,,,,973320,6924456
312,45,Perempuan,20504500,2053500,0,70,Silver,,,,,,,,,,,,,,,,,,,,,,,,,,,,,2053234,20504236
313,54,Laki-laki,15217500,1052000,2,67,Platinum,,,,,,,,,,,,,,,,,,,,,,,,,,,,,1051728,15217241
314,39,Perempuan,10961000,2533500,3,83,Silver,,,,,,,,,,,,,,,,,,,,,,,,,,,,,2533025,10960784
315,15,Laki-laki,9621000,1307500,9,97,Silver,,,,,,,,,,,,,,,,,,,,,,,,,,,,,1307310,9620692
316,56,Perempuan,16739500,2494000,4,84,Gold,,,,,,,,,,,,,,,,,,,,,,,,,,,,,2493765,16739049
317,16,Laki-laki,6215000,1729000,4,83,Platinum,,,,,,,,,,,,,,,,,,,,,,,,,,,,,1728813,6214552
318,24,Perempuan,1992000,1923000,1,86,Silver,,,,,,,,,,,,,,,,,,,,,,,,,,,,,1922934,1991859
319,41,Laki-laki,1536500,1644500,6,94,Gold,,,,,,,,,,,,,,,,,,,,,,,,,,,,,1644356,1536077
320,20,Perempuan,7837500,2501500,-1,70,Platinum,,,,,,,,,,,,,,,,,,,,,,,,,,,,,2501059,7837074
321,45,Perempuan,5141500,2297500,5,74,Platinum,,,,,,,,,,,,,,,,,,,,,,,,,,,,,2297040,5141480
322,53,Perempuan,22225500,1509500,10,97,Silver,,,,,,,,,,,,,,,,,,,,,,,,,,,,,1509222,22225497
323,18,Perempuan,3361500,1095500,5,84,Gold,,,,,,,,,,,,,,,,,,,,,,,,,,,,,1095024,3361222
324,29,Laki-laki,12908500,2187000,10,100,Gold,,,,,,,,,,,,,,,,,,,,,,,,,,,,,2186708,12908010
325,16,Perempuan,17216500,2158000,7,80,Platinum,,,,,,,,,,,,,,,,,,,,,,,,,,,,,2157520,17216453
326,20,Perempuan,13618000,944500,4,78,Silver,,,,,,,,,,,,,,,,,,,,,,,,,,,,,944317,13617835
327,30,Perempuan,18873500,2176500,4,82,Silver,,,,,,,,,,,,,,,,,,,,,,,,,,,,,2176454,18873170
328,38,Laki-laki,11831000,1207000,10,85,Gold,,,,,,,,,,,,,,,,,,,,,,,,,,,,,1206857,11830568
329,47,Laki-laki,9989000,2111500,8,70,Silver,,,,,,,,,,,,,,,,,,,,,,,,,,,,,2111117,9988531
330,59,Laki-laki,20033500,2344000,7,72,Platinum,,,,,,,,,,,,,,,,,,,,,,,,,,,,,2343976,20033441
331,49,Perempuan,15434000,1168500,4,84,Silver,,,,,,,,,,,,,,,,,,,,,,,,,,,,,1168130,15433846
332,48,Perempuan,13817500,1053500,7,72,Platinum,,,,,,,,,,,,,,,,,,,,,,,,,,,,,1053301,13817499
333,44,Laki-laki,7929500,2150000,3,94,Silver,,,,,,,,,,,,,,,,,,,,,,,,,,,,,2149619,7929456
334,58,Laki-laki,14510500,2529000,2,75,Gold,,,,,,,,,,,,,,,,,,,,,,,,,,,,,2528519,14510475
335,37,Perempuan,21572000,2010500,1,68,Platinum,,,,,,,,,,,,,,,,,,,,,,,,,,,,,2010102,21571944
336,50,Laki-laki,16028500,1195500,1,70,Silver,,,,,,,,,,,,,,,,,,,,,,,,,,,,,1195131,16028407
337,44,Perempuan,15343500,2072000,7,69,Gold,,,,,,,,,,,,,,,,,,,,,,,,,,,,,2071658,15343237
338,34,Laki-laki,20229000,2000000,2,87,Platinum,,,,,,,,,,,,,,,,,,,,,,,,,,,,,1999857,20228889
339,34,Laki-laki,6315000,813500,-1,94,Silver,,,,,,,,,,,,,,,,,,,,,,,,,,,,,813072,6314781
340,34,Laki-laki,20387000,1313500,0,85,Gold,,,,,,,,,,,,,,,,,,,,,,,,,,,,,1313206,20386987
341,26,Perempuan,9096500,838000,1,87,Silver,,,,,,,,,,,,,,,,,,,,,,,,,,,,,837931,9096405
342,57,Perempuan,10724000,1864500,10,87,Platinum,,,,,,,,,,,,,,,,,,,,,,,,,,,,,1864464,10723529
343,39,Perempuan,4189000,1641000,3,96,Silver,,,,,,,,,,,,,,,,,,,,,,,,,,,,,1640629,4188512
344,16,Laki-laki,10670000,2124000,9,96,Silver,,,,,,,,,,,,,,,,,,,,,,,,,,,,,2123580,10669882
345,37,Perempuan,4568000,1307500,4,86,Gold,,,,,,,,,,,,,,,,,,,,,,,,,,,,,1307422,4567723
346,57,Laki-laki,7676000,888000,9,77,Platinum,,,,,,,,,,,,,,,,,,,,,,,,,,,,,887752,7675630
347,39,Perempuan,2055500,1331000,0,75,Gold,,,,,,,,,,,,,,,,,,,,,,,,,,,,,1330649,2055307
348,42,Laki-laki,15443000,2012500,3,83,Platinum,,,,,,,,,,,,,,,,,,,,,,,,,,,,,2012480,15442954
349,47,Perempuan,11036500,1254500,9,99,Gold,,,,,,,,,,,,,,,,,,,,,,,,,,,,,1254099,11036320
350,49,Laki-laki,16654000,1004000,-2,73,Silver,,,,,,,,,,,,,,,,,,,,,,,,,,,,,1003849,16653628
351,49,Perempuan,21302000,2097000,2,73,Silver,,,,,,,,,,,,,,,,,,,,,,,,,,,,,2096556,21301796
352,24,Perempuan,10608500,992500,4,71,Silver,,,,,,,,,,,,,,,,,,,,,,,,,,,,,992177,10608010
353,36,Perempuan,2050000,960000,0,82,Gold,,,,,,,,,,,,,,,,,,,,,,,,,,,,,959759,2049939
354,32,Perempuan,2405000,2082000,-2,92,Gold,,,,,,,,,,,,,,,,,,,,,,,,,,,,,2081530,2404984
355,59,Perempuan,21024000,1598000,-1,96,Platinum,,,,,,,,,,,,,,,,,,,,,,,,,,,,,1597773,21023715
356,40,Perempuan,18658000,1647500,0,87,Gold,,,,,,,,,,,,,,,,,,,,,,,,,,,,,1647028,18657940
357,15,Perempuan,4740500,1930500,-1,92,Platinum,,,,,,,,,,,,,,,,,,,,,,,,,,,,,1930383,4740184
358,37,Perempuan,20701500,940000,3,87,Gold,,,,,,,,,,,,,,,,,,,,,,,,,,,,,939954,20701251
359,20,Laki-laki,18334000,1649000,4,82,Platinum,,,,,,,,,,,,,,,,,,,,,,,,,,,,,1648826,18333757
360,19,Laki-laki,14653000,1216500,8,99,Gold,,,,,,,,,,,,,,,,,,,,,,,,,,,,,1216117,14652946
361,40,Laki-laki,14880000,1768500,4,93,Platinum,,,,,,,,,,,,,,,,,,,,,,,,,,,,,1768149,14879635
362,43,Laki-laki,4132500,1963500,5,69,Gold,,,,,,,,,,,,,,,,,,,,,,,,,,,,,1963059,4132134
363,17,Perempuan,2944000,2316500,0,70,Platinum,,,,,,,,,,,,,,,,,,,,,,,,,,,,,2316479,2943699
364,50,Perempuan,19667000,1763500,3,94,Silver,,,,,,,,,,,,,,,,,,,,,,,,,,,,,1763366,19666989
365,19,Perempuan,6717500,1367000,0,91,Silver,,,,,,,,,,,,,,,,,,,,,,,,,,,,,1366707,6717121
366,29,Perempuan,2364000,1960500,8,69,Silver,,,,,,,,,,,,,,,,,,,,,,,,,,,,,1960008,2363893
367,49,Laki-laki,5494000,890000,-2,76,Gold,,,,,,,,,,,,,,,,,,,,,,,,,,,,,889715,5493631
368,21,Perempuan,15291500,2007500,9,85,Silver,,,,,,,,,,,,,,,,,,,,,,,,,,,,,2007439,15291171
369,22,Perempuan,6368000,1229000,5,67,Gold,,,,,,,,,,,,,,,,,,,,,,,,,,,,,1228946,6367563
370,53,Laki-laki,20893500,2476500,8,73,Silver,,,,,,,,,,,,,,,,,,,,,,,,,,,,,2476399,20893226
371,50,Perempuan,13337500,2363500,9,70,Gold,,,,,,,,,,,,,,,,,,,,,,,,,,,,,2363214,13337237
372,29,Perempuan,22447000,2036000,-2,89,Gold,,,,,,,,,,,,,,,,,,,,,,,,,,,,,2035675,22446735
373,27,Laki-laki,7356500,2134000,2,83,Gold,,,,,,,,,,,,,,,,,,,,,,,,,,,,,2133568,7356438
374,21,Perempuan,4481500,1062500,4,89,Silver,,,,,,,,,,,,,,,,,,,,,,,,,,,,,1062192,4481313
375,18,Perempuan,7357500,935000,8,69,Silver,,,,,,,,,,,,,,,,,,,,,,,,,,,,,934671,7357404
376,47,Perempuan,14680500,1763000,5,89,Silver,,,,,,,,,,,,,,,,,,,,,,,,,,,,,1762597,14680237
377,32,Laki-laki,21237500,1429000,1,80,Platinum,,,,,,,,,,,,,,,,,,,,,,,,,,,,,1428658,21237201
378,24,Perempuan,11393500,2464500,1,69,Silver,,,,,,,,,,,,,,,,,,,,,,,,,,,,,2464233,11393166
379,22,Perempuan,7968000,1696000,9,91,Gold,,,,,,,,,,,,,,,,,,,,,,,,,,,,,1695922,7967709
380,32,Laki-laki,18384500,1817500,2,69,Silver,,,,,,,,,,,,,,,,,,,,,,,,,,,,,1817424,18384285
381,30,Laki-laki,22303000,1526500,7,71,Silver,,,,,,,,,,,,,,,,,,,,,,,,,,,,,1526050,22302772
382,51,Laki-laki,19126500,1064500,4,97,Platinum,,,,,,,,,,,,,,,,,,,,,,,,,,,,,1064447,19126141
383,21,Perempuan,19104000,2432000,10,73,Silver,,,,,,,,,,,,,,,,,,,,,,,,,,,,,2431658,19103737
384,39,Perempuan,11248000,2268500,4,89,Platinum,,,,,,,,,,,,,,,,,,,,,,,,,,,,,2268250,11247937
385,19,Laki-laki,5272500,1260500,8,72,Silver,,,,,,,,,,,,,,,,,,,,,,,,,,,,,1260229,5272040
386,41,Perempuan,11286000,2525500,1,75,Silver,,,,,,,,,,,,,,,,,,,,,,,,,,,,,2525222,11285772
387,57,Laki-laki,3213000,2468500,-2,72,Silver,,,,,,,,,,,,,,,,,,,,,,,,,,,,,2468003,3212751
388,44,Perempuan,3043000,1098500,6,86,Platinum,,,,,,,,,,,,,,,,,,,,,,,,,,,,,1098311,3042521
389,58,Laki-laki,1150500,1674000,5,93,Silver,,,,,,,,,,,,,,,,,,,,,,,,,,,,,1673738,1150329
390,50,Perempuan,22393000,2436000,-1,67,Platinum,,,,,,,,,,,,,,,,,,,,,,,,,,,,,2435866,22392714
391,55,Laki-laki,18580500,2530500,-2,99,Platinum,,,,,,,,,,,,,,,,,,,,,,,,,,,,,2530446,18580415
392,19,Perempuan,10295500,1931500,6,78,Gold,,,,,,,,,,,,,,,,,,,,,,,,,,,,,1931405,10295463
393,56,Laki-laki,17708500,1370500,2,78,Gold,,,,,,,,,,,,,,,,,,,,,,,,,,,,,1370459,17708364
394,20,Perempuan,19412000,1623500,5,68,Gold,,,,,,,,,,,,,,,,,,,,,,,,,,,,,1623118,19411510
395,33,Laki-laki,20554000,1890500,8,78,Silver,,,,,,,,,,,,,,,,,,,,,,,,,,,,,1890298,20553943
396,55,Perempuan,17367000,1004500,0,73,Gold,,,,,,,,,,,,,,,,,,,,,,,,,,,,,1004158,17366649
397,56,Perempuan,3629500,1007000,2,74,Silver,,,,,,,,,,,,,,,,,,,,,,,,,,,,,1006806,3629081
398,54,Laki-laki,19209500,1853500,4,95,Gold,,,,,,,,,,,,,,,,,,,,,,,,,,,,,1853353,19209379
399,59,Laki-laki,18593000,2477500,0,75,Platinum,,,,,,,,,,,,,,,,,,,,,,,,,,,,,2477060,18592521
400,28,Perempuan,21342000,2195000,-2,67,Silver,,,,,,,,,,,,,,,,,,,,,,,,,,,,,2194711,21341923
401,42,Perempuan,5043500,1759500,7,95,Gold,,,,,,,,,,,,,,,,,,,,,,,,,,,,,1759363,5043113
402,27,Perempuan,15235500,2260000,-1,79,Gold,,,,,,,,,,,,,,,,,,,,,,,,,,,,,2259640,15235279
403,27,Perempuan,12614500,2062000,-2,92,Platinum,,,,,,,,,,,,,,,,,,,,,,,,,,,,,2061996,12614002
404,38,Laki-laki,2114000,2163500,2,97,Gold,,,,,,,,,,,,,,,,,,,,,,,,,,,,,2163080,2113922
405,49,Laki-laki,17323000,2168000,5,74,Gold,,,,,,,,,,,,,,,,,,,,,,,,,,,,,2167851,17322618
406,20,Perempuan,1349000,1349000,3,94,Platinum,,,,,,,,,,,,,,,,,,,,,,,,,,,,,1348521,1348881
407,30,Perempuan,6160000,1133500,5,75,Silver,,,,,,,,,,,,,,,,,,,,,,,,,,,,,1133308,6159623
408,58,Laki-laki,15461000,2041500,1,76,Silver,,,,,,,,,,,,,,,,,,,,,,,,,,,,,2041284,15460588
409,52,Perempuan,5293500,2517500,6,92,Gold,,,,,,,,,,,,,,,,,,,,,,,,,,,,,2517257,5293466
410,39,Laki-laki,7242500,1814500,3,85,Silver,,,,,,,,,,,,,,,,,,,,,,,,,,,,,1814086,7242030
411,49,Perempuan,22021000,1390000,-1,84,Gold,,,,,,,,,,,,,,,,,,,,,,,,,,,,,1389589,22020786
412,41,Perempuan,19751500,1556500,7,99,Silver,,,,,,,,,,,,,,,,,,,,,,,,,,,,,1556127,19751030
413,44,Perempuan,17038000,1321000,9,89,Gold,,,,,,,,,,,,,,,,,,,,,,,,,,,,,1320718,17037909
414,30,Laki-laki,3586500,2256000,2,99,Silver,,,,,,,,,,,,,,,,,,,,,,,,,,,,,2255839,3586079
415,28,Laki-laki,18130000,2468000,1,92,Gold,,,,,,,,,,,,,,,,,,,,,,,,,,,,,2467914,18129526
416,45,Laki-laki,1566500,842500,5,82,Silver,,,,,,,,,,,,,,,,,,,,,,,,,,,,,842161,1566074
417,32,Perempuan,6229000,1136500,3,89,Gold,,,,,,,,,,,,,,,,,,,,,,,,,,,,,1136104,6228819
418,18,Perempuan,22189500,2090000,6,97,Gold,,,,,,,,,,,,,,,,,,,,,,,,,,,,,2089577,22189202
419,16,Perempuan,10249000,2180500,9,97,Silver,,,,,,,,,,,,,,,,,,,,,,,,,,,,,2180359,10248939
420,59,Perempuan,16168500,2086500,-1,98,Gold,,,,,,,,,,,,,,,,,,,,,,,,,,,,,2086176,16168144
421,18,Laki-laki,15880500,2206500,-2,69,Gold,,,,,,,,,,,,,,,,,,,,,,,,,,,,,2206036,15880126
422,46,Perempuan,18242500,2016000,-2,70,Silver,,,,,,,,,,,,,,,,,,,,,,,,,,,,,2015509,18242166
423,37,Perempuan,984000,2154500,4,78,Platinum,,,,,,,,,,,,,,,,,,,,,,,,,,,,,2154028,983964
424,38,Perempuan,6873000,1327500,10,95,Platinum,,,,,,,,,,,,,,,,,,,,,,,,,,,,,1327207,6872710
425,45,Laki-laki,22015500,1469000,10,82,Platinum,,,,,,,,,,,,,,,,,,,,,,,,,,,,,1468975,22015244
426,29,Perempuan,15530000,1743500,5,85,Silver,,,,,,,,,,,,,,,,,,,,,,,,,,,,,1743021,15529803
427,53,Laki-laki,6822000,1423500,8,90,Gold,,,,,,,,,,,,,,,,,,,,,,,,,,,,,1423395,6821531
428,35,Perempuan,11058500,1453000,1,87,Platinum,,,,,,,,,,,,,,,,,,,,,,,,,,,,,1452509,11058017
429,25,Laki-laki,13456500,2433500,9,91,Gold,,,,,,,,,,,,,,,,,,,,,,,,,,,,,2433176,13456139
430,40,Perempuan,4265000,2506500,7,89,Platinum,,,,,,,,,,,,,,,,,,,,,,,,,,,,,2506394,4264694
431,21,Perempuan,3485500,1336500,4,67,Gold,,,,,,,,,,,,,,,,,,,,,,,,,,,,,1336322,3485474
432,38,Perempuan,20911500,903500,2,70,Platinum,,,,,,,,,,,,,,,,,,,,,,,,,,,,,903161,20911030
433,16,Laki-laki,13319000,886500,7,67,Silver,,,,,,,,,,,,,,,,,,,,,,,,,,,,,886279,13318578
434,31,Laki-laki,7017000,2478000,9,69,Silver,,,,,,,,,,,,,,,,,,,,,,,,,,,,,2477985,7016710
435,52,Laki-laki,18689000,1180500,1,94,Gold,,,,,,,,,,,,,,,,,,,,,,,,,,,,,1180193,18688740
436,23,Perempuan,12074500,1224000,9,89,Gold,,,,,,,,,,,,,,,,,,,,,,,,,,,,,1223705,12074127
437,21,Perempuan,6584000,1036000,3,89,Gold,,,,,,,,,,,,,,,,,,,,,,,,,,,,,1035590,6583885
438,41,Perempuan,16666000,1403000,10,75,Silver,,,,,,,,,,,,,,,,,,,,,,,,,,,,,1402950,16665835
439,36,Perempuan,1963500,1709500,2,75,Platinum,,,,,,,,,,,,,,,,,,,,,,,,,,,,,1709444,1963252
440,31,Laki-laki,19757500,1268500,9,100,Silver,,,,,,,,,,,,,,,,,,,,,,,,,,,,,1268302,19757369
441,50,Laki-laki,15063000,1689000,-2,74,Silver,,,,,,,,,,,,,,,,,,,,,,,,,,,,,1688549,15062792
442,44,Perempuan,3196500,1268500,7,86,Gold,,,,,,,,,,,,,,,,,,,,,,,,,,,,,1268449,3196447
443,57,Perempuan,8439000,2026500,4,91,Silver,,,,,,,,,,,,,,,,,,,,,,,,,,,,,2026340,8438688
444,26,Perempuan,6696000,2280500,3,90,Silver,,,,,,,,,,,,,,,,,,,,,,,,,,,,,2280107,6695696
445,33,Perempuan,6925500,1645500,3,88,Platinum,,,,,,,,,,,,,,,,,,,,,,,,,,,,,1645421,6925223
446,41,Laki-laki,6985500,2147000,4,67,Gold,,,,,,,,,,,,,,,,,,,,,,,,,,,,,2146649,6985177
447,38,Laki-laki,14865000,1716000,-1,81,Gold,,,,,,,,,,,,,,,,,,,,,,,,,,,,,1715719,14864787
448,19,Perempuan,1777500,1315000,-2,91,Gold,,,,,,,,,,,,,,,,,,,,,,,,,,,,,1314642,1777316
449,28,Laki-laki,18239500,1520000,-2,78,Silver,,,,,,,,,,,,,,,,,,,,,,,,,,,,,1519903,18239369
450,37,Perempuan,15925000,1937000,7,97,Silver,,,,,,,,,,,,,,,,,,,,,,,,,,,,,1936831,15924755
451,43,Perempuan,11006000,2468000,7,70,Platinum,,,,,,,,,,,,,,,,,,,,,,,,,,,,,2467982,11005528
452,54,Perempuan,1744500,986500,0,97,Silver,,,,,,,,,,,,,,,,,,,,,,,,,,,,,986472,1744166
453,25,Laki-laki,14269000,949500,0,70,Silver,,,,,,,,,,,,,,,,,,,,,,,,,,,,,949031,14268761
454,45,Perempuan,15889500,933500,9,70,Platinum,,,,,,,,,,,,,,,,,,,,,,,,,,,,,933012,15889334
455,31,Perempuan,11239000,1603000,7,68,Gold,,,,,,,,,,,,,,,,,,,,,,,,,,,,,1602779,11238657
456,33,Perempuan,5719000,2210000,7,81,Gold,,,,,,,,,,,,,,,,,,,,,,,,,,,,,2209707,5718990
457,49,Laki-laki,3161000,1068000,7,70,Silver,,,,,,,,,,,,,,,,,,,,,,,,,,,,,1067790,3160579
458,58,Perempuan,8090500,1047500,8,89,Gold,,,,,,,,,,,,,,,,,,,,,,,,,,,,,1047344,8090356
459,23,Laki-laki,16434500,1750500,8,82,Gold,,,,,,,,,,,,,,,,,,,,,,,,,,,,,1750031,16434244
460,48,Perempuan,16206500,2302000,8,69,Silver,,,,,,,,,,,,,,,,,,,,,,,,,,,,,2301895,16206260
461,27,Laki-laki,12555000,2466500,-2,77,Gold,,,,,,,,,,,,,,,,,,,,,,,,,,,,,2466117,12554558
462,39,Perempuan,13207500,2176500,6,67,Silver,,,,,,,,,,,,,,,,,,,,,,,,,,,,,2176006,13207250
463,50,Perempuan,15248500,1167500,1,76,Gold,,,,,,,,,,,,,,,,,,,,,,,,,,,,,1167053,15248138
464,53,Laki-laki,18247000,1586000,6,72,Platinum,,,,,,,,,,,,,,,,,,,,,,,,,,,,,1585589,18246952
465,18,Perempuan,2387500,1595500,9,94,Silver,,,,,,,,,,,,,,,,,,,,,,,,,,,,,1595358,2387302
466,45,Perempuan,8851000,1416500,8,97,Gold,,,,,,,,,,,,,,,,,,,,,,,,,,,,,1416189,8850839
467,49,Laki-laki,2632000,2445000,1,91,Gold,,,,,,,,,,,,,,,,,,,,,,,,,,,,,2444802,2631523
468,33,Perempuan,19373000,2007500,0,82,Platinum,,,,,,,,,,,,,,,,,,,,,,,,,,,,,2007158,19372865
469,35,Perempuan,17023000,1444500,0,95,Gold,,,,,,,,,,,,,,,,,,,,,,,,,,,,,1444086,17022627
470,34,Perempuan,4374500,1559500,9,86,Platinum,,,,,,,,,,,,,,,,,,,,,,,,,,,,,1559412,4374262
471,17,Laki-laki,11366500,1743500,9,98,Platinum,,,,,,,,,,,,,,,,,,,,,,,,,,,,,1743264,11366274
472,40,Perempuan,15652000,1999500,7,72,Silver,,,,,,,,,,,,,,,,,,,,,,,,,,,,,1999396,15651846
473,33,Laki-laki,19431000,1901500,9,68,Gold,,,,,,,,,,,,,,,,,,,,,,,,,,,,,1901470,19430999
474,42,Perempuan,11088500,1147500,2,95,Gold,,,,,,,,,,,,,,,,,,,,,,,,,,,,,1147497,11088365
475,38,Laki-laki,19198000,1982500,5,96,Platinum,,,,,,,,,,,,,,,,,,,,,,,,,,,,,1982199,19197990
476,48,Perempuan,19030500,1840500,-1,81,Silver,,,,,,,,,,,,,,,,,,,,,,,,,,,,,1840173,19030159
477,47,Laki-laki,14586500,1049000,0,86,Gold,,,,,,,,,,,,,,,,,,,,,,,,,,,,,1048662,14586082
478,58,Perempuan,17774000,2335000,6,96,Gold,,,,,,,,,,,,,,,,,,,,,,,,,,,,,2334613,17773855
479,18,Perempuan,19771000,1716000,2,74,Silver,,,,,,,,,,,,,,,,,,,,,,,,,,,,,1715981,19770613
480,38,Perempuan,3625000,1106500,9,77,Gold,,,,,,,,,,,,,,,,,,,,,,,,,,,,,1106492,3624648
481,33,Laki-laki,20860000,2229000,4,82,Silver,,,,,,,,,,,,,,,,,,,,,,,,,,,,,2228828,20859905
482,48,Perempuan,9760000,2180000,0,96,Silver,,,,,,,,,,,,,,,,,,,,,,,,,,,,,2179726,9759581
483,58,Laki-laki,13029000,1427500,6,83,Silver,,,,,,,,,,,,,,,,,,,,,,,,,,,,,1427298,13028543
484,34,Perempuan,5821000,1259500,0,87,Gold,,,,,,,,,,,,,,,,,,,,,,,,,,,,,1259211,5820719
485,57,Laki-laki,2012500,1704000,-1,78,Gold,,,,,,,,,,,,,,,,,,,,,,,,,,,,,1703696,2012353
486,47,Laki-laki,7020000,1929500,3,72,Platinum,,,,,,,,,,,,,,,,,,,,,,,,,,,,,1929115,7019940
487,23,Laki-laki,20767000,1582500,8,68,Silver,,,,,,,,,,,,,,,,,,,,,,,,,,,,,1582204,20766755
488,28,Laki-laki,20277000,1163500,8,69,Silver,,,,,,,,,,,,,,,,,,,,,,,,,,,,,1163493,20276958
489,38,Perempuan,4444500,1054500,4,85,Gold,,,,,,,,,,,,,,,,,,,,,,,,,,,,,1054481,4444128
490,26,Perempuan,16609000,833000,1,88,Gold,,,,,,,,,,,,,,,,,,,,,,,,,,,,,832701,16608981
491,48,Perempuan,3318000,1359500,6,100,Gold,,,,,,,,,,,,,,,,,,,,,,,,,,,,,1359477,3317626
492,55,Perempuan,4016500,2265500,7,68,Platinum,,,,,,,,,,,,,,,,,,,,,,,,,,,,,2265490,4016003
493,47,Perempuan,10859000,1314500,-1,67,Silver,,,,,,,,,,,,,,,,,,,,,,,,,,,,,1314495,10858576
494,48,Laki-laki,14376500,1051500,1,84,Platinum,,,,,,,,,,,,,,,,,,,,,,,,,,,,,1051295,14376325
495,18,Perempuan,1245000,2527000,0,92,Silver,,,,,,,,,,,,,,,,,,,,,,,,,,,,,2526708,1244840
496,41,Laki-laki,20025500,1882000,9,77,Gold,,,,,,,,,,,,,,,,,,,,,,,,,,,,,1881591,20025049
497,30,Perempuan,19289000,1449500,2,97,Platinum,,,,,,,,,,,,,,,,,,,,,,,,,,,,,1449248,19288787
498,59,Perempuan,2940000,1657500,8,93,Platinum,,,,,,,,,,,,,,,,,,,,,,,,,,,,,1657344,2939982
499,15,Perempuan,6838500,2209000,8,92,Silver,,,,,,,,,,,,,,,,,,,,,,,,,,,,,2208794,6838493
500,15,Perempuan,15349500,855000,-2,85,Platinum,,,,,,,,,,,,,,,,,,,,,,,,,,,,,854893,15349024
501,46,Perempuan,12036000,1526000,7,76,Silver,,,,,,,,,,,,,,,,,,,,,,,,,,,,,1525618,12035912
502,38,Laki-laki,5980000,1969500,3,95,Gold,,,,,,,,,,,,,,,,,,,,,,,,,,,,,1969163,5979792
503,39,Perempuan,12220500,1205500,10,75,Gold,,,,,,,,,,,,,,,,,,,,,,,,,,,,,1205480,12220450
504,29,Laki-laki,13569000,1405500,9,74,Silver,,,,,,,,,,,,,,,,,,,,,,,,,,,,,1405426,13568543
505,39,Perempuan,10607000,966500,10,87,Platinum,,,,,,,,,,,,,,,,,,,,,,,,,,,,,966446,10606707
506,43,Laki-laki,16818500,2116000,5,74,Silver,,,,,,,,,,,,,,,,,,,,,,,,,,,,,2115536,16818390
507,28,Perempuan,21547500,1998500,7,73,Gold,,,,,,,,,,,,,,,,,,,,,,,,,,,,,1998230,21547242
508,49,Perempuan,2331500,1212500,1,93,Platinum,,,,,,,,,,,,,,,,,,,,,,,,,,,,,1212153,2331093
509,51,Perempuan,5168500,854500,9,83,Silver,,,,,,,,,,,,,,,,,,,,,,,,,,,,,854117,5168327
510,18,Perempuan,13298000,1536000,1,97,Gold,,,,,,,,,,,,,,,,,,,,,,,,,,,,,1535977,13297842
511,29,Perempuan,3430000,1270000,7,71,Silver,,,,,,,,,,,,,,,,,,,,,,,,,,,,,1269642,3429521
512,32,Perempuan,10005000,1107000,5,96,Gold,,,,,,,,,,,,,,,,,,,,,,,,,,,,,1106895,10004787
513,20,Perempuan,19075000,2531500,9,96,Gold,,,,,,,,,,,,,,,,,,,,,,,,,,,,,2531110,19074865
514,40,Perempuan,3645000,1239500,0,90,Gold,,,,,,,,,,,,,,,,,,,,,,,,,,,,,1239279,3644823
515,40,Perempuan,13478500,1000000,0,86,Gold,,,,,,,,,,,,,,,,,,,,,,,,,,,,,999972,13478121
516,39,Laki-laki,15353500,1840000,5,96,Gold,,,,,,,,,,,,,,,,,,,,,,,,,,,,,1839955,15353206
517,50,Laki-laki,7992000,1891500,9,86,Gold,,,,,,,,,,,,,,,,,,,,,,,,,,,,,1891423,7991867
518,37,Perempuan,4941000,2141500,0,100,Gold,,,,,,,,,,,,,,,,,,,,,,,,,,,,,2141330,4940853
519,58,Perempuan,11576000,1374500,0,73,Gold,,,,,,,,,,,,,,,,,,,,,,,,,,,,,1374296,11575944
520,17,Laki-laki,10936500,1448500,-2,86,Silver,,,,,,,,,,,,,,,,,,,,,,,,,,,,,1448156,10936493
521,32,Laki-laki,20072500,2024000,10,83,Silver,,,,,,,,,,,,,,,,,,,,,,,,,,,,,2023701,20072422
522,46,Perempuan,12712000,1392000,4,73,Silver,,,,,,,,,,,,,,,,,,,,,,,,,,,,,1391854,12711959
523,59,Perempuan,15438000,2363500,6,83,Platinum,,,,,,,,,,,,,,,,,,,,,,,,,,,,,2363097,15437986
524,40,Perempuan,18348500,1447500,5,74,Platinum,,,,,,,,,,,,,,,,,,,,,,,,,,,,,1447373,18348473
525,21,Perempuan,4545000,1549500,9,99,Silver,,,,,,,,,,,,,,,,,,,,,,,,,,,,,1549364,4544654
526,19,Laki-laki,22547000,1800000,10,89,Gold,,,,,,,,,,,,,,,,,,,,,,,,,,,,,1799812,22546666
527,15,Laki-laki,16230500,1410000,6,84,Platinum,,,,,,,,,,,,,,,,,,,,,,,,,,,,,1409810,16230466
528,42,Perempuan,7454000,2001500,6,96,Silver,,,,,,,,,,,,,,,,,,,,,,,,,,,,,2001035,7453944
529,17,Perempuan,2736000,2173000,0,70,Platinum,,,,,,,,,,,,,,,,,,,,,,,,,,,,,2172958,2735573
530,29,Laki-laki,15009000,2405500,-2,76,Gold,,,,,,,,,,,,,,,,,,,,,,,,,,,,,2405487,15008883
531,16,Perempuan,4546500,2271500,8,68,Silver,,,,,,,,,,,,,,,,,,,,,,,,,,,,,2271462,4546319
532,29,Laki-laki,9845000,2155000,1,67,Platinum,,,,,,,,,,,,,,,,,,,,,,,,,,,,,2154842,9844608
533,30,Perempuan,13495500,1925000,-2,99,Silver,,,,,,,,,,,,,,,,,,,,,,,,,,,,,1924948,13495407
534,39,Laki-laki,20096000,1082000,8,83,Silver,,,,,,,,,,,,,,,,,,,,,,,,,,,,,1081930,20095787
535,17,Perempuan,5505500,878500,2,81,Gold,,,,,,,,,,,,,,,,,,,,,,,,,,,,,878434,5505444
536,22,Laki-laki,17933000,1745500,10,81,Platinum,,,,,,,,,,,,,,,,,,,,,,,,,,,,,1745219,17932996
537,32,Perempuan,22132000,1623500,8,74,Silver,,,,,,,,,,,,,,,,,,,,,,,,,,,,,1623270,22131976
538,24,Laki-laki,19471000,2079000,10,100,Gold,,,,,,,,,,,,,,,,,,,,,,,,,,,,,2078842,19470848
539,31,Perempuan,9556000,1999000,2,95,Platinum,,,,,,,,,,,,,,,,,,,,,,,,,,,,,1998507,9555849
540,40,Perempuan,19902500,2116000,0,100,Platinum,,,,,,,,,,,,,,,,,,,,,,,,,,,,,2115826,19902177
541,57,Perempuan,20286500,1022500,10,94,Silver,,,,,,,,,,,,,,,,,,,,,,,,,,,,,1022330,20286472
542,21,Perempuan,7677500,2436500,10,74,Gold,,,,,,,,,,,,,,,,,,,,,,,,,,,,,2436101,7677070
543,16,Laki-laki,2826000,918000,2,77,Gold,,,,,,,,,,,,,,,,,,,,,,,,,,,,,917567,2825655
544,45,Perempuan,16060000,2089000,4,81,Platinum,,,,,,,,,,,,,,,,,,,,,,,,,,,,,2088722,16059884
545,18,Perempuan,10166500,849500,-1,97,Silver,,,,,,,,,,,,,,,,,,,,,,,,,,,,,849500,10166379
546,44,Perempuan,15620500,1061000,10,98,Silver,,,,,,,,,,,,,,,,,,,,,,,,,,,,,1060634,15620157
547,23,Laki-laki,22066000,2033000,3,75,Gold,,,,,,,,,,,,,,,,,,,,,,,,,,,,,2032561,22065631
548,18,Laki-laki,14611000,2055500,-2,94,Silver,,,,,,,,,,,,,,,,,,,,,,,,,,,,,2055457,14610612
549,19,Laki-laki,9528500,2261000,0,80,Platinum,,,,,,,,,,,,,,,,,,,,,,,,,,,,,2260679,9528404
550,25,Perempuan,8256000,1344000,3,97,Silver,,,,,,,,,,,,,,,,,,,,,,,,,,,,,1343538,8255717
551,56,Perempuan,21147000,1067000,-2,71,Platinum,,,,,,,,,,,,,,,,,,,,,,,,,,,,,1066510,21146634
552,23,Laki-laki,15185500,1377000,7,69,Silver,,,,,,,,,,,,,,,,,,,,,,,,,,,,,1376671,15185203
553,45,Laki-laki,17560000,2424000,6,79,Gold,,,,,,,,,,,,,,,,,,,,,,,,,,,,,2423930,17559555
554,53,Perempuan,2463000,1181000,1,97,Platinum,,,,,,,,,,,,,,,,,,,,,,,,,,,,,1180597,2462977
555,16,Laki-laki,17256000,1049000,8,91,Silver,,,,,,,,,,,,,,,,,,,,,,,,,,,,,1048606,17255613
556,15,Perempuan,20286000,2129000,-1,81,Gold,,,,,,,,,,,,,,,,,,,,,,,,,,,,,2128871,20285866
557,24,Laki-laki,17429500,2219000,4,71,Platinum,,,,,,,,,,,,,,,,,,,,,,,,,,,,,2218514,17429052
558,17,Laki-laki,14334500,2134500,9,88,Silver,,,,,,,,,,,,,,,,,,,,,,,,,,,,,2134310,14334304
559,30,Laki-laki,9923500,1260500,6,77,Gold,,,,,,,,,,,,,,,,,,,,,,,,,,,,,1260139,9923401
560,42,Perempuan,1025500,1725000,6,75,Silver,,,,,,,,,,,,,,,,,,,,,,,,,,,,,1724844,1025176
561,25,Perempuan,12173000,1842500,10,77,Platinum,,,,,,,,,,,,,,,,,,,,,,,,,,,,,1842264,12172510
562,40,Perempuan,14763500,2435500,8,81,Silver,,,,,,,,,,,,,,,,,,,,,,,,,,,,,2435061,14763390
563,59,Laki-laki,1430500,1513500,5,76,Silver,,,,,,,,,,,,,,,,,,,,,,,,,,,,,1513430,1430207
564,39,Perempuan,21337000,1769500,-1,92,Gold,,,,,,,,,,,,,,,,,,,,,,,,,,,,,1769162,21336502
565,46,Laki-laki,13705000,1472500,7,82,Platinum,,,,,,,,,,,,,,,,,,,,,,,,,,,,,1472081,13704780
566,37,Perempuan,17125000,2149000,7,96,Gold,,,,,,,,,,,,,,,,,,,,,,,,,,,,,2148987,17124575
567,49,Laki-laki,3503500,1854500,9,88,Platinum,,,,,,,,,,,,,,,,,,,,,,,,,,,,,1854314,3503357
568,55,Perempuan,11961500,2411500,5,98,Gold,,,,,,,,,,,,,,,,,,,,,,,,,,,,,2411096,11961032
569,24,Laki-laki,7804000,1713500,2,93,Silver,,,,,,,,,,,,,,,,,,,,,,,,,,,,,1713438,7803723
570,37,Perempuan,21661000,1936000,6,70,Silver,,,,,,,,,,,,,,,,,,,,,,,,,,,,,1935990,21660588
571,19,Perempuan,12528000,1544500,3,83,Silver,,,,,,,,,,,,,,,,,,,,,,,,,,,,,1544184,12527613
572,56,Perempuan,3854500,1598500,9,85,Gold,,,,,,,,,,,,,,,,,,,,,,,,,,,,,1598169,3854276
573,45,Perempuan,4115500,2039000,0,100,Gold,,,,,,,,,,,,,,,,,,,,,,,,,,,,,2038566,4115179
574,42,Perempuan,2861000,1084500,6,93,Platinum,,,,,,,,,,,,,,,,,,,,,,,,,,,,,1084323,2860666
575,47,Perempuan,13684500,2365000,-2,86,Gold,,,,,,,,,,,,,,,,,,,,,,,,,,,,,2364813,13684268
576,23,Perempuan,15279000,957000,9,80,Platinum,,,,,,,,,,,,,,,,,,,,,,,,,,,,,956908,15278634
577,26,Perempuan,9220000,832000,-1,79,Gold,,,,,,,,,,,,,,,,,,,,,,,,,,,,,831715,9219708
578,29,Laki-laki,10959000,2412000,6,99,Platinum,,,,,,,,,,,,,,,,,,,,,,,,,,,,,2411688,10958729
579,34,Laki-laki,15171500,1748000,8,98,Gold,,,,,,,,,,,,,,,,,,,,,,,,,,,,,1747727,15171375
580,34,Laki-laki,4542000,1493500,-2,72,Platinum,,,,,,,,,,,,,,,,,,,,,,,,,,,,,1493490,4541588
581,50,Laki-laki,15246500,2095000,3,77,Gold,,,,,,,,,,,,,,,,,,,,,,,,,,,,,2094632,15246448
582,53,Perempuan,10022000,1012500,5,70,Platinum,,,,,,,,,,,,,,,,,,,,,,,,,,,,,1012383,10021782
583,51,Perempuan,4438000,1076000,4,96,Silver,,,,,,,,,,,,,,,,,,,,,,,,,,,,,1075897,4437575
584,29,Perempuan,22112000,1259000,6,73,Silver,,,,,,,,,,,,,,,,,,,,,,,,,,,,,1258659,22111543
585,33,Perempuan,4291500,1115500,2,83,Silver,,,,,,,,,,,,,,,,,,,,,,,,,,,,,1115072,4291340
586,21,Laki-laki,10434500,889000,9,92,Gold,,,,,,,,,,,,,,,,,,,,,,,,,,,,,888640,10434054
587,26,Perempuan,9006000,1577500,2,85,Silver,,,,,,,,,,,,,,,,,,,,,,,,,,,,,1577133,9005690
588,56,Perempuan,4817000,2315000,2,75,Gold,,,,,,,,,,,,,,,,,,,,,,,,,,,,,2314739,4816708
589,58,Laki-laki,18998500,1649500,10,76,Silver,,,,,,,,,,,,,,,,,,,,,,,,,,,,,1649144,18998165
590,57,Perempuan,9318500,805500,1,71,Gold,,,,,,,,,,,,,,,,,,,,,,,,,,,,,805116,9318226
591,39,Perempuan,16906000,932000,8,79,Gold,,,,,,,,,,,,,,,,,,,,,,,,,,,,,931566,16905921
592,33,Laki-laki,6493500,1539500,8,80,Gold,,,,,,,,,,,,,,,,,,,,,,,,,,,,,1539254,6493277
593,24,Perempuan,18728000,1184000,4,92,Silver,,,,,,,,,,,,,,,,,,,,,,,,,,,,,1184000,18727865
594,41,Perempuan,983000,2193000,5,75,Silver,,,,,,,,,,,,,,,,,,,,,,,,,,,,,2192919,982982
595,17,Perempuan,19819000,1766000,0,78,Silver,,,,,,,,,,,,,,,,,,,,,,,,,,,,,1765892,19818771
596,53,Laki-laki,15299500,2382000,10,91,Platinum,,,,,,,,,,,,,,,,,,,,,,,,,,,,,2381995,15299371
597,41,Perempuan,10424500,1109500,10,74,Silver,,,,,,,,,,,,,,,,,,,,,,,,,,,,,1109246,10424081
598,16,Perempuan,2803000,1596500,-2,73,Gold,,,,,,,,,,,,,,,,,,,,,,,,,,,,,1596190,2802519
599,21,Laki-laki,10547500,2399000,3,87,Silver,,,,,,,,,,,,,,,,,,,,,,,,,,,,,2398621,10547466
600,23,Laki-laki,15984000,953000,8,79,Silver,,,,,,,,,,,,,,,,,,,,,,,,,,,,,952948,15983902
601,30,Laki-laki,3922500,1632000,8,78,Platinum,,,,,,,,,,,,,,,,,,,,,,,,,,,,,1631778,3922215
602,37,Perempuan,6535500,1701000,6,100,Silver,,,,,,,,,,,,,,,,,,,,,,,,,,,,,1700875,6535210
603,26,Perempuan,20265500,1919500,9,87,Platinum,,,,,,,,,,,,,,,,,,,,,,,,,,,,,1919472,20265351
604,21,Laki-laki,10131000,1194500,1,75,Silver,,,,,,,,,,,,,,,,,,,,,,,,,,,,,1194047,10130780
605,31,Perempuan,13317000,2355500,4,71,Silver,,,,,,,,,,,,,,,,,,,,,,,,,,,,,2355149,13316886
606,26,Laki-laki,1825500,2322000,2,94,Silver,,,,,,,,,,,,,,,,,,,,,,,,,,,,,2321615,1825338
607,42,Perempuan,21793000,957000,-1,83,Platinum,,,,,,,,,,,,,,,,,,,,,,,,,,,,,956873,21792558
608,19,Laki-laki,21935000,2133000,-2,95,Silver,,,,,,,,,,,,,,,,,,,,,,,,,,,,,2132753,21934935
609,42,Perempuan,12458500,1881000,3,74,Platinum,,,,,,,,,,,,,,,,,,,,,,,,,,,,,1880876,12458048
610,21,Laki-laki,14725500,1562000,5,98,Platinum,,,,,,,,,,,,,,,,,,,,,,,,,,,,,1561707,14725148
611,55,Perempuan,2592500,1535500,7,94,Gold,,,,,,,,,,,,,,,,,,,,,,,,,,,,,1535175,2592110
612,29,Laki-laki,14711000,1757000,8,94,Gold,,,,,,,,,,,,,,,,,,,,,,,,,,,,,1756628,14710829
613,35,Perempuan,20868000,1513500,1,90,Gold,,,,,,,,,,,,,,,,,,,,,,,,,,,,,1513184,20867785
614,48,Laki-laki,17840500,2150500,-2,84,Silver,,,,,,,,,,,,,,,,,,,,,,,,,,,,,2150437,17840050
615,59,Perempuan,11134000,1713500,-1,85,Gold,,,,,,,,,,,,,,,,,,,,,,,,,,,,,1713331,11133914
616,22,Perempuan,7574000,2024500,-1,74,Silver,,,,,,,,,,,,,,,,,,,,,,,,,,,,,2024340,7573804
617,54,Laki-laki,19897000,1316500,4,68,Gold,,,,,,,,,,,,,,,,,,,,,,,,,,,,,1316321,19896525
618,56,Laki-laki,16115000,945500,6,74,Platinum,,,,,,,,,,,,,,,,,,,,,,,,,,,,,945497,16114677
619,46,Perempuan,16182500,2427500,1,82,Silver,,,,,,,,,,,,,,,,,,,,,,,,,,,,,2427360,16182170
620,56,Perempuan,2917000,1896000,9,89,Gold,,,,,,,,,,,,,,,,,,,,,,,,,,,,,1895686,2916980
621,15,Perempuan,2998500,1497000,1,84,Gold,,,,,,,,,,,,,,,,,,,,,,,,,,,,,1496518,2998062
622,25,Perempuan,19050500,1779500,10,80,Platinum,,,,,,,,,,,,,,,,,,,,,,,,,,,,,1779194,19050141
623,56,Laki-laki,17734500,1549000,2,92,Gold,,,,,,,,,,,,,,,,,,,,,,,,,,,,,1548818,17734034
624,51,Laki-laki,5545000,1208000,1,67,Gold,,,,,,,,,,,,,,,,,,,,,,,,,,,,,1207611,5544671
625,37,Perempuan,18627000,2522000,-1,71,Platinum,,,,,,,,,,,,,,,,,,,,,,,,,,,,,2521736,18626801
626,44,Perempuan,16907000,942500,1,97,Silver,,,,,,,,,,,,,,,,,,,,,,,,,,,,,942485,16906527
627,59,Laki-laki,9721500,2452500,-1,94,Silver,,,,,,,,,,,,,,,,,,,,,,,,,,,,,2452080,9721305
628,37,Perempuan,9629500,1347500,3,85,Gold,,,,,,,,,,,,,,,,,,,,,,,,,,,,,1347238,9629298
629,38,Laki-laki,8686500,1374000,1,67,Silver,,,,,,,,,,,,,,,,,,,,,,,,,,,,,1373596,8686374
630,58,Perempuan,17641500,1528500,7,89,Gold,,,,,,,,,,,,,,,,,,,,,,,,,,,,,1528135,17641179
631,37,Perempuan,9405000,1368500,2,70,Silver,,,,,,,,,,,,,,,,,,,,,,,,,,,,,1368112,9404540
632,48,Perempuan,22069500,2367000,7,78,Gold,,,,,,,,,,,,,,,,,,,,,,,,,,,,,2366700,22069214
633,54,Laki-laki,21167000,982500,9,80,Silver,,,,,,,,,,,,,,,,,,,,,,,,,,,,,982289,21166587
634,30,Laki-laki,22107000,1508000,5,98,Gold,,,,,,,,,,,,,,,,,,,,,,,,,,,,,1507721,22106617
635,25,Laki-laki,11825000,1873000,10,90,Silver,,,,,,,,,,,,,,,,,,,,,,,,,,,,,1872752,11824839
636,27,Perempuan,10838500,2250000,5,68,Gold,,,,,,,,,,,,,,,,,,,,,,,,,,,,,2249778,10838095
637,21,Perempuan,12840500,2017000,10,99,Gold,,,,,,,,,,,,,,,,,,,,,,,,,,,,,2016728,12840360
638,26,Perempuan,8202000,1611500,4,71,Silver,,,,,,,,,,,,,,,,,,,,,,,,,,,,,1611142,8201543
639,45,Perempuan,22462000,1064000,2,67,Gold,,,,,,,,,,,,,,,,,,,,,,,,,,,,,1063818,22461552
640,40,Laki-laki,1510000,1075000,7,81,Gold,,,,,,,,,,,,,,,,,,,,,,,,,,,,,1074879,1509699
641,20,Perempuan,15619500,2284000,10,89,Silver,,,,,,,,,,,,,,,,,,,,,,,,,,,,,2283751,15619301
642,56,Perempuan,11763000,1264500,9,80,Platinum,,,,,,,,,,,,,,,,,,,,,,,,,,,,,1264449,11762624
643,26,Perempuan,7102500,1651000,10,74,Platinum,,,,,,,,,,,,,,,,,,,,,,,,,,,,,1650558,7102279
644,34,Laki-laki,4686500,2525500,9,100,Platinum,,,,,,,,,,,,,,,,,,,,,,,,,,,,,2525374,4686089
645,50,Perempuan,4946000,1204500,5,93,Silver,,,,,,,,,,,,,,,,,,,,,,,,,,,,,1204347,4945648
646,58,Laki-laki,10255000,2069500,4,72,Gold,,,,,,,,,,,,,,,,,,,,,,,,,,,,,2069115,10254784
647,25,Perempuan,21502000,1501500,7,100,Platinum,,,,,,,,,,,,,,,,,,,,,,,,,,,,,1501281,21501791
648,50,Laki-laki,14292500,1681000,0,100,Gold,,,,,,,,,,,,,,,,,,,,,,,,,,,,,1680563,14292262
649,54,Perempuan,2482000,1299000,4,68,Platinum,,,,,,,,,,,,,,,,,,,,,,,,,,,,,1298705,2481888
650,47,Perempuan,12319500,2068000,-2,91,Gold,,,,,,,,,,,,,,,,,,,,,,,,,,,,,2067501,12319382
651,36,Perempuan,8300000,884000,2,86,Platinum,,,,,,,,,,,,,,,,,,,,,,,,,,,,,883828,8299923
652,43,Laki-laki,16368000,2487000,8,68,Silver,,,,,,,,,,,,,,,,,,,,,,,,,,,,,2486966,16367673
653,15,Laki-laki,5881000,2031000,7,96,Silver,,,,,,,,,,,,,,,,,,,,,,,,,,,,,2030875,5880609
654,15,Laki-laki,11217000,2014000,7,94,Gold,,,,,,,,,,,,,,,,,,,,,,,,,,,,,2013646,11216754
655,59,Perempuan,7909000,2520000,-2,70,Gold,,,,,,,,,,,,,,,,,,,,,,,,,,,,,2519780,7908507
656,53,Perempuan,11176000,2116500,9,91,Gold,,,,,,,,,,,,,,,,,,,,,,,,,,,,,2116380,11175566
657,28,Perempuan,5686000,1585500,6,79,Silver,,,,,,,,,,,,,,,,,,,,,,,,,,,,,1585069,5685901
658,57,Perempuan,15209500,2503000,0,88,Platinum,,,,,,,,,,,,,,,,,,,,,,,,,,,,,2502651,15209273
659,34,Laki-laki,20502000,1867000,3,79,Silver,,,,,,,,,,,,,,,,,,,,,,,,,,,,,1866921,20501875
660,56,Laki-laki,9091000,1167500,4,75,Silver,,,,,,,,,,,,,,,,,,,,,,,,,,,,,1167124,9090669
661,15,Perempuan,5904000,1666500,10,70,Gold,,,,,,,,,,,,,,,,,,,,,,,,,,,,,1666285,5903666
662,54,Perempuan,9234000,2512500,2,73,Silver,,,,,,,,,,,,,,,,,,,,,,,,,,,,,2512102,9233620
663,45,Perempuan,18502500,1367500,-2,79,Silver,,,,,,,,,,,,,,,,,,,,,,,,,,,,,1367392,18502235
664,23,Perempuan,3618500,1277500,3,93,Platinum,,,,,,,,,,,,,,,,,,,,,,,,,,,,,1277457,3618198
665,39,Laki-laki,12182500,2338500,0,72,Gold,,,,,,,,,,,,,,,,,,,,,,,,,,,,,2338357,12182354
666,43,Laki-laki,18051500,2427500,-1,69,Gold,,,,,,,,,,,,,,,,,,,,,,,,,,,,,2427335,18051325
667,48,Perempuan,3150000,2204000,10,73,Gold,,,,,,,,,,,,,,,,,,,,,,,,,,,,,2203805,3149926
668,59,Laki-laki,21004000,1821000,1,90,Silver,,,,,,,,,,,,,,,,,,,,,,,,,,,,,1820978,21003521
669,27,Perempuan,7701000,836000,4,81,Silver,,,,,,,,,,,,,,,,,,,,,,,,,,,,,835967,7700644
670,35,Perempuan,16098500,1080000,1,100,Platinum,,,,,,,,,,,,,,,,,,,,,,,,,,,,,1079645,16098333
671,54,Perempuan,16780500,1394000,0,74,Silver,,,,,,,,,,,,,,,,,,,,,,,,,,,,,1393925,16780086
672,57,Laki-laki,10398500,1690000,3,92,Silver,,,,,,,,,,,,,,,,,,,,,,,,,,,,,1689963,10398337
673,51,Perempuan,13118500,2125000,5,98,Platinum,,,,,,,,,,,,,,,,,,,,,,,,,,,,,2124884,13118002
674,34,Perempuan,5548500,2502000,6,88,Gold,,,,,,,,,,,,,,,,,,,,,,,,,,,,,2501884,5548361
675,29,Perempuan,5880500,2440000,4,99,Gold,,,,,,,,,,,,,,,,,,,,,,,,,,,,,2439591,5880260
676,28,Laki-laki,11875000,1239500,3,89,Silver,,,,,,,,,,,,,,,,,,,,,,,,,,,,,1239431,11874998
677,38,Perempuan,3688000,1450500,-2,96,Gold,,,,,,,,,,,,,,,,,,,,,,,,,,,,,1450495,3687986
678,22,Laki-laki,20560500,2288500,8,88,Gold,,,,,,,,,,,,,,,,,,,,,,,,,,,,,2288086,20560128
679,48,Perempuan,7745000,1576500,5,71,Silver,,,,,,,,,,,,,,,,,,,,,,,,,,,,,1576028,7744600
680,41,Laki-laki,22572000,1809000,5,67,Gold,,,,,,,,,,,,,,,,,,,,,,,,,,,,,1808525,22571654
681,33,Perempuan,1271500,1909000,1,67,Silver,,,,,,,,,,,,,,,,,,,,,,,,,,,,,1908541,1271339
682,36,Perempuan,18566000,983500,2,100,Gold,,,,,,,,,,,,,,,,,,,,,,,,,,,,,983498,18565936
683,20,Laki-laki,2503000,2435000,4,82,Platinum,,,,,,,,,,,,,,,,,,,,,,,,,,,,,2434763,2502889
684,50,Perempuan,22380500,1940000,1,70,Silver,,,,,,,,,,,,,,,,,,,,,,,,,,,,,1939537,22380355
685,35,Perempuan,5619000,1740500,-1,86,Gold,,,,,,,,,,,,,,,,,,,,,,,,,,,,,1740141,5618787
686,51,Laki-laki,16609500,1807500,0,82,Gold,,,,,,,,,,,,,,,,,,,,,,,,,,,,,1807065,16609375
687,53,Perempuan,6606500,2175000,3,87,Platinum,,,,,,,,,,,,,,,,,,,,,,,,,,,,,2174878,6606410
688,22,Perempuan,22127500,2198000,10,95,Gold,,,,,,,,,,,,,,,,,,,,,,,,,,,,,2197579,22127320
689,56,Perempuan,13797000,1355500,7,95,Platinum,,,,,,,,,,,,,,,,,,,,,,,,,,,,,1355129,13796702
690,53,Laki-laki,19261000,1903000,9,76,Platinum,,,,,,,,,,,,,,,,,,,,,,,,,,,,,1902801,19260667
691,55,Perempuan,3498500,1895500,6,89,Silver,,,,,,,,,,,,,,,,,,,,,,,,,,,,,1895283,3498458
692,31,Laki-laki,6561000,2050000,4,90,Gold,,,,,,,,,,,,,,,,,,,,,,,,,,,,,2049533,6560874
693,35,Perempuan,14918500,2354500,6,97,Gold,,,,,,,,,,,,,,,,,,,,,,,,,,,,,2354316,14918474
694,18,Laki-laki,6336500,1441000,7,97,Platinum,,,,,,,,,,,,,,,,,,,,,,,,,,,,,1440734,6336447
695,27,Perempuan,16127000,1053000,2,97,Silver,,,,,,,,,,,,,,,,,,,,,,,,,,,,,1052896,16126720
696,18,Laki-laki,5115500,2463500,8,94,Gold,,,,,,,,,,,,,,,,,,,,,,,,,,,,,2463384,5115328
697,55,Perempuan,22158000,2532000,4,83,Gold,,,,,,,,,,,,,,,,,,,,,,,,,,,,,2531514,22157816
698,41,Perempuan,7849500,1774500,7,99,Silver,,,,,,,,,,,,,,,,,,,,,,,,,,,,,1774331,7849444
699,43,Perempuan,6742500,1170000,8,97,Gold,,,,,,,,,,,,,,,,,,,,,,,,,,,,,1169727,6742409
700,31,Laki-laki,22292500,2301000,1,99,Silver,,,,,,,,,,,,,,,,,,,,,,,,,,,,,2300595,22292323
701,47,Perempuan,21623000,1195000,1,78,Silver,,,,,,,,,,,,,,,,,,,,,,,,,,,,,1194808,21622706
702,36,Laki-laki,19227000,1739500,9,68,Silver,,,,,,,,,,,,,,,,,,,,,,,,,,,,,1739014,19226848
703,40,Perempuan,8770000,1441500,-1,94,Gold,,,,,,,,,,,,,,,,,,,,,,,,,,,,,1441089,8769910
704,44,Laki-laki,9537500,1987000,9,76,Gold,,,,,,,,,,,,,,,,,,,,,,,,,,,,,1986920,9537132
705,36,Laki-laki,13358500,1483000,-1,89,Platinum,,,,,,,,,,,,,,,,,,,,,,,,,,,,,1482794,13358010
706,41,Laki-laki,16246500,1041500,8,81,Silver,,,,,,,,,,,,,,,,,,,,,,,,,,,,,1041389,16246341
707,45,Laki-laki,5259000,2528000,10,89,Silver,,,,,,,,,,,,,,,,,,,,,,,,,,,,,2527847,5258714
708,30,Perempuan,6269000,1028500,1,80,Gold,,,,,,,,,,,,,,,,,,,,,,,,,,,,,1028494,6268816
709,19,Perempuan,7308500,1824500,4,72,Gold,,,,,,,,,,,,,,,,,,,,,,,,,,,,,1824367,7308010
710,17,Perempuan,20181000,1782000,-2,98,Gold,,,,,,,,,,,,,,,,,,,,,,,,,,,,,1781884,20180810
711,33,Perempuan,7208000,1881000,7,99,Platinum,,,,,,,,,,,,,,,,,,,,,,,,,,,,,1880991,7207669
712,41,Perempuan,20854500,894000,-1,92,Silver,,,,,,,,,,,,,,,,,,,,,,,,,,,,,893730,20854467
713,47,Laki-laki,8179000,1569000,5,68,Platinum,,,,,,,,,,,,,,,,,,,,,,,,,,,,,1568986,8178543
714,52,Perempuan,8014500,893000,6,82,Silver,,,,,,,,,,,,,,,,,,,,,,,,,,,,,892930,8014032
715,53,Laki-laki,11062000,2434500,8,90,Gold,,,,,,,,,,,,,,,,,,,,,,,,,,,,,2434139,11061551
716,54,Perempuan,14958000,2342000,4,84,Platinum,,,,,,,,,,,,,,,,,,,,,,,,,,,,,2341857,14957960
717,31,Perempuan,8996000,2328000,-1,88,Platinum,,,,,,,,,,,,,,,,,,,,,,,,,,,,,2327521,8995514
718,23,Perempuan,14442500,1761500,4,98,Silver,,,,,,,,,,,,,,,,,,,,,,,,,,,,,1761280,14442464
719,32,Perempuan,21720000,2080500,4,92,Platinum,,,,,,,,,,,,,,,,,,,,,,,,,,,,,2080277,21719693
720,23,Perempuan,7457000,1459500,5,70,Silver,,,,,,,,,,,,,,,,,,,,,,,,,,,,,1459330,7456936
721,29,Laki-laki,2235500,2231000,2,68,Gold,,,,,,,,,,,,,,,,,,,,,,,,,,,,,2230501,2235303
722,39,Perempuan,13713500,1293000,8,68,Gold,,,,,,,,,,,,,,,,,,,,,,,,,,,,,1292692,13713455
723,52,Laki-laki,20431500,2196000,5,83,Silver,,,,,,,,,,,,,,,,,,,,,,,,,,,,,2195990,20431390
724,36,Perempuan,8416000,1252500,1,84,Platinum,,,,,,,,,,,,,,,,,,,,,,,,,,,,,1252128,8415977
725,35,Laki-laki,3467500,2435500,2,69,Silver,,,,,,,,,,,,,,,,,,,,,,,,,,,,,2435186,3467180
726,34,Perempuan,11006500,1011000,-2,79,Gold,,,,,,,,,,,,,,,,,,,,,,,,,,,,,1010688,11006250
727,29,Perempuan,6883000,1309000,2,78,Platinum,,,,,,,,,,,,,,,,,,,,,,,,,,,,,1308979,6882943
728,31,Perempuan,15090000,2086500,8,82,Silver,,,,,,,,,,,,,,,,,,,,,,,,,,,,,2086377,15089918
729,40,Perempuan,17111500,1871000,0,77,Gold,,,,,,,,,,,,,,,,,,,,,,,,,,,,,1870563,17111472
730,46,Perempuan,8910000,2061000,-2,81,Silver,,,,,,,,,,,,,,,,,,,,,,,,,,,,,2060539,8909642
731,44,Perempuan,6554000,1712000,4,70,Gold,,,,,,,,,,,,,,,,,,,,,,,,,,,,,1711775,6553840
732,18,Perempuan,12463000,1575500,3,91,Gold,,,,,,,,,,,,,,,,,,,,,,,,,,,,,1575256,12462817
733,29,Perempuan,2969500,2104500,9,77,Gold,,,,,,,,,,,,,,,,,,,,,,,,,,,,,2104143,2969490
734,54,Perempuan,3862000,2468000,3,92,Gold,,,,,,,,,,,,,,,,,,,,,,,,,,,,,2467581,3861640
735,40,Laki-laki,2291000,1633000,10,83,Gold,,,,,,,,,,,,,,,,,,,,,,,,,,,,,1632569,2290725
736,16,Laki-laki,13346500,1113500,9,87,Gold,,,,,,,,,,,,,,,,,,,,,,,,,,,,,1113252,13346087
737,39,Perempuan,3506500,1552500,3,100,Gold,,,,,,,,,,,,,,,,,,,,,,,,,,,,,1552021,3506109
738,46,Perempuan,16713500,2182500,-1,72,Gold,,,,,,,,,,,,,,,,,,,,,,,,,,,,,2182442,16713177
739,39,Laki-laki,4622500,1375000,6,99,Silver,,,,,,,,,,,,,,,,,,,,,,,,,,,,,1374581,4622212
740,56,Laki-laki,16148500,1217000,4,73,Silver,,,,,,,,,,,,,,,,,,,,,,,,,,,,,1216902,16148277
741,54,Perempuan,20330500,2281500,0,88,Silver,,,,,,,,,,,,,,,,,,,,,,,,,,,,,2281182,20330476
742,52,Perempuan,3446500,1836500,-1,85,Platinum,,,,,,,,,,,,,,,,,,,,,,,,,,,,,1836164,3446145
743,37,Perempuan,19163000,2109500,0,83,Platinum,,,,,,,,,,,,,,,,,,,,,,,,,,,,,2109122,19162527
744,39,Perempuan,11787000,921500,1,76,Silver,,,,,,,,,,,,,,,,,,,,,,,,,,,,,921410,11786750
745,26,Laki-laki,7392000,1112500,9,70,Gold,,,,,,,,,,,,,,,,,,,,,,,,,,,,,1112201,7391811
746,55,Laki-laki,21610500,1468500,1,76,Platinum,,,,,,,,,,,,,,,,,,,,,,,,,,,,,1468144,21610399
747,34,Perempuan,16992000,1885500,4,81,Silver,,,,,,,,,,,,,,,,,,,,,,,,,,,,,1885183,16991549
748,24,Perempuan,4251000,1631500,6,94,Platinum,,,,,,,,,,,,,,,,,,,,,,,,,,,,,1631042,4250530
